"id";"name";"age";"salary";"gender";"department";"position";"joining_date";"performance_score";"email";"phone_number"
1;"Grace";25;50000;"";"HR";"Manager";"";"D";"email@example.c";""
2;"David";0;65000;"";"Finance";"Director";"";"F";"user@domain.com";"123-456-7890"
3;"Hannah";35;600000;"";"Sales";"Director";"";"C";"email@example.c";"098-765-4321"
4;"Eve";0;50000;"";"IT";"Manager";"";"A";"name@company.or";""
5;"Grace";0;0;"";"Finance";"Manager";"";"F";"name@company.or";"098-765-4321"
6;"Jack";0;65000;"";"Marketing";"Director";"";"F";"user@domain.com";""
7;"Charlie";0;50000;"";"Marketing";"Clerk";"";"B";"";"123-456-7890"
8;"Grace";40;50000;"";"HR";"Director";"";"C";"";""
9;"Hannah";40;600000;"";"Marketing";"Manager";"";"C";"user@domain.com";"123-456-7890"
10;"Eve";30;0;"";"Finance";"Assistant";"";"A";"";""
11;"David";25;70000;"";"Marketing";"Analyst";"";"B";"";"123-456-7890"
12;"Hannah";0;70000;"";"Finance";"Assistant";"";"A";"";""
13;"Hannah";30;50000;"";"IT";"Assistant";"";"D";"";""
14;"Charlie";25;55000;"";"HR";"Manager";"";"F";"";"555-555-5555"
15;"Frank";50;0;"";"Marketing";"Director";"";"A";"";"123-456-7890"
16;"Eve";35;65000;"";"Finance";"Clerk";"";"F";"";"123-456-7890"
17;"Bob";40;55000;"";"Sales";"Assistant";"";"B";"";"098-765-4321"
18;"Hannah";50;55000;"";"HR";"Director";"";"D";"user@domain.com";""
19;"Frank";25;0;"";"IT";"Clerk";"";"B";"email@example.c";"555-555-5555"
20;"Bob";50;50000;"";"Finance";"Assistant";"";"D";"user@domain.com";""
21;"Eve";35;50000;"";"IT";"Clerk";"";"D";"email@example.c";"098-765-4321"
22;"Alice";25;50000;"";"IT";"Director";"";"F";"user@domain.com";"555-555-5555"
23;"Jack";50;50000;"";"Marketing";"Analyst";"";"B";"email@example.c";""
25;"Ivy";40;50000;"";"Finance";"Manager";"";"A";"name@company.or";"123-456-7890"
26;"Alice";30;70000;"";"Sales";"Clerk";"";"B";"email@example.c";"123-456-7890"
27;"Jack";50;70000;"";"Finance";"Analyst";"";"A";"email@example.c";"098-765-4321"
28;"Charlie";0;50000;"";"Sales";"Clerk";"";"C";"name@company.or";""
29;"Grace";50;600000;"";"IT";"Clerk";"";"C";"";""
30;"David";25;65000;"";"HR";"Assistant";"";"C";"";"555-555-5555"
31;"Ivy";25;55000;"";"Finance";"Manager";"";"B";"name@company.or";"098-765-4321"
32;"Charlie";50;70000;"";"Finance";"Clerk";"";"B";"";""
33;"Eve";35;0;"";"Sales";"Director";"";"A";"email@example.c";"123-456-7890"
34;"Charlie";40;0;"";"IT";"Director";"";"D";"email@example.c";"555-555-5555"
35;"Grace";25;65000;"";"IT";"Assistant";"";"A";"name@company.or";""
36;"Eve";40;0;"";"Sales";"Manager";"";"C";"name@company.or";"123-456-7890"
37;"Ivy";25;600000;"";"IT";"Manager";"";"A";"";"098-765-4321"
38;"Grace";30;0;"";"Marketing";"Director";"";"D";"";""
39;"Bob";0;55000;"";"HR";"Analyst";"";"B";"user@domain.com";"123-456-7890"
40;"David";25;55000;"";"Finance";"Assistant";"";"A";"";""
41;"Ivy";40;70000;"";"HR";"Assistant";"";"C";"email@example.c";""
42;"Bob";30;50000;"";"Finance";"Director";"";"C";"name@company.or";"098-765-4321"
43;"Jack";25;600000;"";"Marketing";"Director";"";"B";"";"123-456-7890"
44;"Ivy";35;70000;"";"IT";"Analyst";"";"A";"";"555-555-5555"
45;"Jack";0;600000;"";"Sales";"Analyst";"";"D";"";"123-456-7890"
46;"Eve";25;50000;"";"Marketing";"Manager";"";"B";"";""
47;"Bob";30;0;"";"HR";"Assistant";"";"A";"email@example.c";"098-765-4321"
48;"David";35;0;"";"Sales";"Assistant";"";"F";"user@domain.com";"098-765-4321"
49;"Grace";50;50000;"";"IT";"Director";"";"C";"";"555-555-5555"
50;"Hannah";30;70000;"";"Marketing";"Manager";"";"D";"";"098-765-4321"
51;"Charlie";30;50000;"";"Sales";"Assistant";"";"D";"user@domain.com";"098-765-4321"
52;"Alice";35;65000;"";"Marketing";"Manager";"";"D";"";"098-765-4321"
53;"David";30;55000;"";"Marketing";"Manager";"";"C";"";"098-765-4321"
54;"Bob";35;70000;"";"IT";"Director";"";"A";"";"098-765-4321"
55;"Hannah";25;600000;"";"Finance";"Manager";"";"B";"";""
57;"Bob";35;70000;"";"IT";"Analyst";"";"B";"email@example.c";""
58;"Frank";0;50000;"";"Marketing";"Clerk";"";"D";"";"098-765-4321"
59;"Frank";35;50000;"";"IT";"Director";"";"A";"email@example.c";""
60;"Jack";35;50000;"";"Finance";"Clerk";"";"D";"user@domain.com";""
61;"David";50;50000;"";"Sales";"Analyst";"";"F";"user@domain.com";""
62;"Frank";25;600000;"";"Finance";"Clerk";"";"D";"";"098-765-4321"
63;"Bob";0;65000;"";"HR";"Director";"";"D";"";""
64;"Jack";50;0;"";"Sales";"Director";"";"B";"name@company.or";"098-765-4321"
65;"Bob";40;55000;"";"Finance";"Manager";"";"F";"user@domain.com";"555-555-5555"
66;"Jack";25;600000;"";"Marketing";"Assistant";"";"D";"";"555-555-5555"
67;"David";25;600000;"";"Sales";"Manager";"";"D";"email@example.c";"555-555-5555"
68;"Hannah";40;0;"";"Sales";"Director";"";"F";"";""
69;"Grace";35;0;"";"IT";"Analyst";"";"F";"email@example.c";"555-555-5555"
70;"Ivy";50;55000;"";"Marketing";"Analyst";"";"A";"user@domain.com";""
71;"Hannah";30;55000;"";"HR";"Manager";"";"B";"user@domain.com";""
72;"Eve";0;0;"";"Finance";"Director";"";"F";"email@example.c";""
73;"Bob";30;50000;"";"IT";"Analyst";"";"F";"user@domain.com";"098-765-4321"
74;"Eve";40;600000;"";"Finance";"Director";"";"C";"";"123-456-7890"
75;"Hannah";25;70000;"";"HR";"Analyst";"";"F";"user@domain.com";"098-765-4321"
76;"Jack";25;55000;"";"HR";"Director";"";"B";"";"098-765-4321"
77;"Ivy";0;55000;"";"Sales";"Clerk";"";"D";"";"098-765-4321"
79;"Alice";25;65000;"";"Finance";"Director";"";"D";"user@domain.com";"123-456-7890"
80;"Ivy";0;70000;"";"Marketing";"Manager";"";"D";"user@domain.com";"555-555-5555"
81;"Grace";50;70000;"";"Marketing";"Clerk";"";"C";"";"098-765-4321"
82;"Ivy";50;55000;"";"Sales";"Assistant";"";"F";"";""
83;"Hannah";0;50000;"";"Finance";"Manager";"";"D";"email@example.c";""
84;"Alice";40;65000;"";"Finance";"Assistant";"";"A";"email@example.c";""
85;"Hannah";25;70000;"";"HR";"Analyst";"";"D";"email@example.c";""
86;"Hannah";25;55000;"";"Finance";"Assistant";"";"F";"";"098-765-4321"
87;"Charlie";40;70000;"";"IT";"Director";"";"D";"email@example.c";"123-456-7890"
88;"Alice";50;65000;"";"HR";"Assistant";"";"C";"email@example.c";"555-555-5555"
89;"Hannah";35;65000;"";"IT";"Manager";"";"B";"name@company.or";""
91;"Charlie";35;0;"";"Marketing";"Assistant";"";"F";"user@domain.com";"123-456-7890"
92;"Alice";50;0;"";"Sales";"Manager";"";"B";"";""
93;"Eve";50;55000;"";"Marketing";"Manager";"";"B";"";"555-555-5555"
94;"Jack";40;65000;"";"Sales";"Assistant";"";"A";"name@company.or";"123-456-7890"
95;"Grace";25;600000;"";"Finance";"Clerk";"";"F";"";"555-555-5555"
96;"Jack";40;600000;"";"IT";"Clerk";"";"F";"";"098-765-4321"
97;"Ivy";40;70000;"";"Marketing";"Analyst";"";"B";"user@domain.com";"123-456-7890"
99;"Ivy";35;600000;"";"IT";"Assistant";"";"B";"user@domain.com";"098-765-4321"
101;"Bob";25;65000;"";"IT";"Director";"";"D";"email@example.c";"123-456-7890"
102;"Alice";50;50000;"";"IT";"Manager";"";"C";"";""
103;"Grace";35;65000;"";"Sales";"Manager";"";"F";"email@example.c";""
104;"Grace";30;600000;"";"Marketing";"Clerk";"";"A";"name@company.or";"123-456-7890"
105;"Hannah";30;600000;"";"Marketing";"Assistant";"";"D";"name@company.or";"098-765-4321"
106;"Eve";50;65000;"";"IT";"Manager";"";"A";"name@company.or";"098-765-4321"
107;"Charlie";0;70000;"";"Finance";"Clerk";"";"F";"";"123-456-7890"
108;"Hannah";25;70000;"";"Finance";"Analyst";"";"F";"user@domain.com";""
109;"Frank";30;0;"";"HR";"Clerk";"";"A";"";""
111;"Alice";50;55000;"";"Sales";"Clerk";"";"A";"";"123-456-7890"
112;"Charlie";35;0;"";"IT";"Manager";"";"F";"user@domain.com";""
113;"Eve";0;70000;"";"HR";"Manager";"";"B";"user@domain.com";""
114;"Charlie";25;65000;"";"HR";"Analyst";"";"A";"";"098-765-4321"
115;"Alice";40;70000;"";"IT";"Director";"";"D";"name@company.or";"555-555-5555"
117;"Jack";30;0;"";"HR";"Director";"";"C";"user@domain.com";"098-765-4321"
118;"Grace";30;600000;"";"Sales";"Analyst";"";"C";"";"098-765-4321"
119;"Grace";35;70000;"";"Marketing";"Director";"";"D";"";""
120;"Ivy";50;65000;"";"Sales";"Director";"";"B";"email@example.c";""
122;"Jack";0;55000;"";"Finance";"Manager";"";"F";"user@domain.com";"123-456-7890"
123;"Charlie";25;65000;"";"Sales";"Manager";"";"A";"";"123-456-7890"
125;"Alice";30;55000;"";"Marketing";"Clerk";"";"C";"email@example.c";""
126;"David";40;55000;"";"IT";"Clerk";"";"A";"";"555-555-5555"
128;"Eve";25;70000;"";"Finance";"Director";"";"B";"name@company.or";"555-555-5555"
129;"Grace";35;65000;"";"Sales";"Clerk";"";"D";"";""
130;"Grace";35;55000;"";"Marketing";"Analyst";"";"B";"email@example.c";""
131;"David";40;50000;"";"IT";"Clerk";"";"A";"email@example.c";"123-456-7890"
132;"Grace";50;0;"";"Sales";"Assistant";"";"A";"name@company.or";"555-555-5555"
133;"Charlie";25;600000;"";"Sales";"Clerk";"";"B";"";"098-765-4321"
135;"Bob";35;55000;"";"IT";"Clerk";"";"F";"user@domain.com";""
136;"Jack";35;70000;"";"Marketing";"Assistant";"";"D";"email@example.c";"123-456-7890"
137;"Ivy";25;50000;"";"IT";"Analyst";"";"D";"";"555-555-5555"
138;"Eve";0;55000;"";"Marketing";"Director";"";"D";"";""
139;"Frank";30;70000;"";"Sales";"Clerk";"";"A";"";"098-765-4321"
140;"David";35;55000;"";"Sales";"Assistant";"";"D";"name@company.or";""
141;"Jack";50;65000;"";"HR";"Assistant";"";"F";"";"098-765-4321"
142;"Grace";50;65000;"";"Finance";"Analyst";"";"F";"email@example.c";"123-456-7890"
143;"Ivy";35;65000;"";"Marketing";"Manager";"";"B";"email@example.c";"098-765-4321"
144;"Grace";0;0;"";"HR";"Clerk";"";"A";"";"098-765-4321"
145;"Alice";0;0;"";"Finance";"Assistant";"";"F";"";"098-765-4321"
146;"Alice";40;50000;"";"Marketing";"Analyst";"";"C";"user@domain.com";"098-765-4321"
147;"Ivy";50;65000;"";"IT";"Director";"";"A";"";"123-456-7890"
148;"Ivy";40;70000;"";"Finance";"Assistant";"";"A";"user@domain.com";""
150;"Ivy";30;600000;"";"HR";"Manager";"";"C";"user@domain.com";""
151;"Charlie";30;70000;"";"Finance";"Manager";"";"B";"user@domain.com";"555-555-5555"
153;"Frank";40;0;"";"Sales";"Assistant";"";"C";"";""
155;"Ivy";40;0;"";"IT";"Analyst";"";"C";"email@example.c";""
156;"Eve";35;65000;"";"Sales";"Assistant";"";"A";"";"123-456-7890"
158;"Charlie";40;55000;"";"Marketing";"Clerk";"";"F";"";"123-456-7890"
159;"Jack";0;50000;"";"Finance";"Assistant";"";"D";"name@company.or";""
160;"Hannah";30;55000;"";"IT";"Manager";"";"D";"email@example.c";""
161;"Frank";30;55000;"";"HR";"Analyst";"";"D";"name@company.or";""
162;"Hannah";25;50000;"";"HR";"Analyst";"";"F";"";"555-555-5555"
163;"Ivy";40;70000;"";"Sales";"Manager";"";"B";"user@domain.com";""
164;"David";0;55000;"";"Marketing";"Assistant";"";"F";"user@domain.com";"555-555-5555"
165;"Alice";35;50000;"";"Sales";"Analyst";"";"C";"";""
167;"Jack";30;600000;"";"Sales";"Assistant";"";"F";"email@example.c";""
168;"David";35;70000;"";"HR";"Clerk";"";"A";"";""
170;"Bob";0;55000;"";"Sales";"Assistant";"";"A";"";""
171;"Charlie";40;600000;"";"HR";"Director";"";"F";"user@domain.com";""
173;"Eve";50;65000;"";"Sales";"Analyst";"";"C";"";""
174;"Alice";50;55000;"";"HR";"Clerk";"";"C";"";""
175;"Hannah";25;50000;"";"IT";"Analyst";"";"B";"name@company.or";""
176;"Alice";30;55000;"";"Sales";"Analyst";"";"B";"name@company.or";""
177;"Alice";40;600000;"";"Sales";"Manager";"";"C";"name@company.or";""
178;"Bob";0;65000;"";"Marketing";"Analyst";"";"D";"email@example.c";"555-555-5555"
179;"Bob";35;55000;"";"Finance";"Assistant";"";"A";"";""
180;"Frank";0;50000;"";"Finance";"Analyst";"";"A";"name@company.or";""
181;"Grace";30;55000;"";"Marketing";"Clerk";"";"C";"";"123-456-7890"
182;"Eve";50;70000;"";"Marketing";"Clerk";"";"B";"name@company.or";""
183;"Alice";0;50000;"";"Marketing";"Director";"";"D";"";""
184;"Alice";25;600000;"";"Finance";"Clerk";"";"C";"";"123-456-7890"
185;"Charlie";30;65000;"";"Marketing";"Analyst";"";"A";"";""
188;"Jack";50;70000;"";"Sales";"Clerk";"";"F";"user@domain.com";""
189;"Frank";25;50000;"";"IT";"Assistant";"";"C";"";""
190;"Grace";30;0;"";"IT";"Manager";"";"A";"user@domain.com";"098-765-4321"
191;"David";35;70000;"";"Sales";"Director";"";"D";"";"555-555-5555"
192;"Grace";25;600000;"";"HR";"Assistant";"";"F";"";"555-555-5555"
193;"Hannah";50;65000;"";"Finance";"Analyst";"";"D";"";"123-456-7890"
194;"Alice";25;600000;"";"Finance";"Analyst";"";"A";"user@domain.com";""
195;"Frank";30;55000;"";"HR";"Analyst";"";"F";"name@company.or";""
197;"Eve";25;0;"";"Marketing";"Assistant";"";"D";"name@company.or";""
198;"David";25;70000;"";"Sales";"Assistant";"";"F";"name@company.or";""
199;"Bob";50;70000;"";"Sales";"Manager";"";"A";"";"098-765-4321"
200;"Frank";50;50000;"";"HR";"Manager";"";"D";"user@domain.com";"098-765-4321"
201;"Frank";35;0;"";"Finance";"Analyst";"";"C";"name@company.or";""
202;"Alice";50;50000;"";"IT";"Clerk";"";"F";"";"098-765-4321"
204;"Frank";30;600000;"";"Finance";"Director";"";"B";"";"123-456-7890"
205;"Charlie";30;70000;"";"IT";"Manager";"";"A";"user@domain.com";""
206;"David";40;55000;"";"HR";"Assistant";"";"C";"user@domain.com";""
208;"Charlie";30;55000;"";"Finance";"Assistant";"";"B";"name@company.or";"123-456-7890"
209;"Jack";40;0;"";"IT";"Director";"";"A";"email@example.c";""
210;"Charlie";35;70000;"";"HR";"Director";"";"C";"name@company.or";"555-555-5555"
211;"Charlie";50;50000;"";"HR";"Manager";"";"C";"name@company.or";"098-765-4321"
212;"David";30;50000;"";"Marketing";"Assistant";"";"A";"";"123-456-7890"
213;"Grace";40;600000;"";"Marketing";"Director";"";"A";"";"555-555-5555"
214;"David";30;65000;"";"HR";"Analyst";"";"D";"name@company.or";""
215;"Ivy";0;0;"";"Finance";"Analyst";"";"A";"";"555-555-5555"
216;"Alice";25;600000;"";"Sales";"Assistant";"";"D";"";""
217;"Hannah";50;65000;"";"Sales";"Manager";"";"D";"name@company.or";""
218;"Grace";30;55000;"";"HR";"Director";"";"F";"email@example.c";""
219;"Bob";25;0;"";"HR";"Manager";"";"C";"";"555-555-5555"
220;"Hannah";40;55000;"";"HR";"Analyst";"";"C";"user@domain.com";""
221;"Alice";25;70000;"";"Finance";"Director";"";"C";"name@company.or";"123-456-7890"
222;"Ivy";50;0;"";"Marketing";"Manager";"";"F";"name@company.or";"555-555-5555"
223;"Ivy";30;65000;"";"HR";"Clerk";"";"D";"";"123-456-7890"
224;"Bob";0;70000;"";"HR";"Assistant";"";"D";"";"555-555-5555"
225;"Grace";40;50000;"";"IT";"Assistant";"";"A";"";"123-456-7890"
226;"Jack";30;65000;"";"Finance";"Clerk";"";"F";"";"555-555-5555"
227;"Charlie";50;600000;"";"HR";"Analyst";"";"A";"user@domain.com";""
228;"Grace";40;50000;"";"IT";"Director";"";"F";"";"098-765-4321"
229;"Jack";35;50000;"";"Sales";"Assistant";"";"A";"";""
230;"Ivy";25;600000;"";"HR";"Clerk";"";"B";"";"123-456-7890"
231;"David";50;0;"";"HR";"Clerk";"";"C";"";""
232;"Alice";35;50000;"";"IT";"Analyst";"";"C";"email@example.c";""
235;"Eve";40;50000;"";"Sales";"Assistant";"";"C";"name@company.or";""
236;"Eve";25;65000;"";"HR";"Manager";"";"D";"";"555-555-5555"
237;"Grace";40;55000;"";"Sales";"Clerk";"";"B";"";""
239;"Ivy";40;70000;"";"Marketing";"Director";"";"A";"user@domain.com";""
242;"Charlie";40;70000;"";"HR";"Director";"";"D";"email@example.c";"098-765-4321"
243;"David";0;0;"";"HR";"Director";"";"B";"email@example.c";""
244;"Hannah";50;55000;"";"Marketing";"Clerk";"";"D";"name@company.or";"123-456-7890"
245;"Frank";30;600000;"";"Sales";"Director";"";"B";"user@domain.com";"123-456-7890"
247;"Alice";30;65000;"";"HR";"Director";"";"C";"";"098-765-4321"
248;"Hannah";0;70000;"";"Finance";"Manager";"";"A";"";"123-456-7890"
249;"David";50;55000;"";"IT";"Clerk";"";"C";"";""
250;"Alice";35;600000;"";"Marketing";"Analyst";"";"A";"";""
252;"David";35;0;"";"IT";"Assistant";"";"C";"user@domain.com";""
253;"Frank";40;55000;"";"HR";"Clerk";"";"B";"";""
254;"Hannah";0;65000;"";"Finance";"Clerk";"";"F";"email@example.c";""
255;"David";35;55000;"";"Finance";"Assistant";"";"D";"";"123-456-7890"
256;"Charlie";30;0;"";"Marketing";"Assistant";"";"D";"";"555-555-5555"
257;"Ivy";40;50000;"";"Finance";"Assistant";"";"D";"email@example.c";""
261;"Bob";0;65000;"";"Sales";"Director";"";"B";"";"555-555-5555"
263;"Frank";35;65000;"";"Finance";"Assistant";"";"D";"name@company.or";"123-456-7890"
266;"David";30;70000;"";"HR";"Analyst";"";"A";"";"123-456-7890"
267;"Alice";50;70000;"";"HR";"Director";"";"A";"";"555-555-5555"
270;"Eve";25;55000;"";"Sales";"Manager";"";"B";"";""
271;"David";30;0;"";"HR";"Assistant";"";"F";"";"555-555-5555"
272;"Hannah";0;0;"";"Sales";"Manager";"";"D";"";"123-456-7890"
273;"Hannah";0;50000;"";"Finance";"Director";"";"B";"user@domain.com";""
275;"Charlie";35;50000;"";"Finance";"Manager";"";"D";"user@domain.com";""
276;"Alice";0;65000;"";"Finance";"Manager";"";"D";"name@company.or";""
277;"Alice";35;65000;"";"Marketing";"Analyst";"";"B";"";""
278;"Charlie";25;600000;"";"Finance";"Analyst";"";"B";"";""
279;"Frank";50;0;"";"Finance";"Director";"";"B";"user@domain.com";"555-555-5555"
280;"Grace";35;70000;"";"IT";"Manager";"";"D";"";"123-456-7890"
281;"Frank";40;65000;"";"HR";"Clerk";"";"B";"name@company.or";"098-765-4321"
284;"Charlie";25;70000;"";"Marketing";"Manager";"";"A";"";"098-765-4321"
286;"Hannah";30;65000;"";"Finance";"Director";"";"D";"";""
287;"Bob";40;50000;"";"HR";"Manager";"";"C";"";"123-456-7890"
288;"Eve";25;50000;"";"Sales";"Manager";"";"B";"";""
289;"Alice";25;0;"";"Finance";"Director";"";"B";"name@company.or";""
290;"Alice";25;70000;"";"IT";"Clerk";"";"F";"";"555-555-5555"
291;"Eve";25;65000;"";"Finance";"Director";"";"B";"";"555-555-5555"
292;"Charlie";25;0;"";"Finance";"Director";"";"C";"email@example.c";""
294;"Charlie";35;55000;"";"Marketing";"Director";"";"D";"user@domain.com";""
296;"Alice";25;70000;"";"HR";"Director";"";"F";"email@example.c";"098-765-4321"
297;"Eve";35;65000;"";"HR";"Clerk";"";"B";"";"555-555-5555"
299;"Charlie";30;65000;"";"Sales";"Director";"";"C";"";""
300;"Ivy";40;55000;"";"Finance";"Analyst";"";"B";"";""
301;"Eve";0;70000;"";"Sales";"Manager";"";"C";"";"555-555-5555"
302;"Hannah";0;0;"";"Finance";"Manager";"";"C";"user@domain.com";""
303;"Alice";35;65000;"";"Marketing";"Analyst";"";"F";"";""
304;"Eve";50;50000;"";"HR";"Analyst";"";"D";"user@domain.com";"123-456-7890"
305;"Charlie";50;55000;"";"HR";"Director";"";"F";"user@domain.com";""
306;"Alice";30;70000;"";"Sales";"Analyst";"";"A";"";"555-555-5555"
308;"Eve";35;50000;"";"Marketing";"Clerk";"";"B";"";"098-765-4321"
309;"Grace";40;70000;"";"Sales";"Analyst";"";"D";"";""
310;"Alice";0;55000;"";"Finance";"Analyst";"";"B";"name@company.or";""
311;"Charlie";35;600000;"";"HR";"Assistant";"";"A";"";"123-456-7890"
312;"Bob";35;50000;"";"IT";"Manager";"";"D";"user@domain.com";""
313;"Ivy";25;50000;"";"HR";"Manager";"";"C";"user@domain.com";""
314;"Jack";40;50000;"";"Finance";"Director";"";"F";"";"555-555-5555"
315;"Frank";25;600000;"";"Sales";"Assistant";"";"B";"name@company.or";""
316;"Jack";30;600000;"";"Finance";"Clerk";"";"A";"";"098-765-4321"
317;"Charlie";25;65000;"";"IT";"Clerk";"";"C";"name@company.or";""
318;"Hannah";25;0;"";"Marketing";"Assistant";"";"F";"name@company.or";""
319;"Hannah";0;55000;"";"HR";"Clerk";"";"C";"";""
321;"Frank";35;55000;"";"Marketing";"Clerk";"";"D";"user@domain.com";""
322;"Grace";40;0;"";"Finance";"Clerk";"";"C";"name@company.or";""
324;"Jack";40;0;"";"Marketing";"Assistant";"";"C";"email@example.c";"555-555-5555"
325;"Bob";50;600000;"";"Sales";"Clerk";"";"D";"name@company.or";"123-456-7890"
328;"Hannah";30;70000;"";"HR";"Director";"";"C";"";"555-555-5555"
329;"Alice";25;65000;"";"HR";"Director";"";"D";"user@domain.com";""
330;"Ivy";0;55000;"";"IT";"Manager";"";"A";"email@example.c";"123-456-7890"
331;"Frank";35;65000;"";"Sales";"Clerk";"";"F";"";"123-456-7890"
332;"Grace";30;50000;"";"IT";"Analyst";"";"D";"";"123-456-7890"
335;"Jack";30;55000;"";"IT";"Assistant";"";"A";"name@company.or";""
336;"Charlie";30;70000;"";"Sales";"Director";"";"D";"user@domain.com";""
337;"Bob";25;600000;"";"Marketing";"Analyst";"";"A";"";"123-456-7890"
339;"Hannah";40;55000;"";"Sales";"Assistant";"";"A";"name@company.or";"555-555-5555"
340;"Jack";50;0;"";"IT";"Clerk";"";"A";"";"123-456-7890"
341;"Grace";30;0;"";"IT";"Assistant";"";"B";"";"098-765-4321"
343;"David";40;600000;"";"HR";"Director";"";"F";"email@example.c";"098-765-4321"
345;"Alice";35;0;"";"Finance";"Assistant";"";"B";"name@company.or";"098-765-4321"
347;"Charlie";35;70000;"";"Marketing";"Analyst";"";"D";"";"123-456-7890"
348;"Grace";40;600000;"";"Finance";"Clerk";"";"C";"email@example.c";"098-765-4321"
349;"Bob";30;55000;"";"Finance";"Clerk";"";"C";"user@domain.com";""
350;"Bob";50;600000;"";"IT";"Manager";"";"B";"name@company.or";""
351;"Grace";0;55000;"";"IT";"Director";"";"C";"user@domain.com";"555-555-5555"
352;"Frank";35;600000;"";"HR";"Analyst";"";"C";"";"098-765-4321"
355;"Jack";30;65000;"";"Marketing";"Analyst";"";"B";"";"098-765-4321"
356;"Frank";25;55000;"";"IT";"Director";"";"D";"";"555-555-5555"
358;"Jack";35;50000;"";"Finance";"Clerk";"";"D";"user@domain.com";""
359;"Frank";0;55000;"";"Finance";"Analyst";"";"F";"email@example.c";""
360;"Alice";0;50000;"";"Sales";"Analyst";"";"A";"user@domain.com";""
361;"David";40;70000;"";"Marketing";"Analyst";"";"A";"";"098-765-4321"
362;"Jack";30;0;"";"Finance";"Director";"";"F";"email@example.c";""
364;"Frank";40;65000;"";"Marketing";"Director";"";"D";"user@domain.com";""
365;"Eve";35;0;"";"Marketing";"Assistant";"";"F";"";"123-456-7890"
366;"Alice";30;50000;"";"Finance";"Analyst";"";"B";"";"123-456-7890"
367;"Hannah";0;0;"";"Marketing";"Clerk";"";"A";"";"098-765-4321"
369;"Eve";0;0;"";"IT";"Director";"";"F";"";""
370;"Grace";40;70000;"";"Sales";"Analyst";"";"C";"";""
371;"David";50;65000;"";"IT";"Director";"";"C";"name@company.or";""
373;"David";40;600000;"";"Finance";"Assistant";"";"B";"email@example.c";""
375;"Grace";25;0;"";"HR";"Analyst";"";"F";"";""
376;"Hannah";40;50000;"";"HR";"Analyst";"";"B";"email@example.c";"555-555-5555"
377;"David";30;70000;"";"HR";"Analyst";"";"B";"";"555-555-5555"
381;"Alice";35;55000;"";"Marketing";"Assistant";"";"C";"user@domain.com";""
382;"Hannah";30;65000;"";"IT";"Clerk";"";"F";"email@example.c";"123-456-7890"
383;"Charlie";30;50000;"";"Sales";"Clerk";"";"F";"name@company.or";""
384;"Jack";50;65000;"";"Marketing";"Analyst";"";"B";"user@domain.com";""
385;"Grace";35;70000;"";"HR";"Clerk";"";"A";"";"123-456-7890"
386;"Jack";40;65000;"";"Finance";"Clerk";"";"D";"";"123-456-7890"
387;"Eve";40;65000;"";"IT";"Manager";"";"A";"user@domain.com";""
389;"Eve";35;70000;"";"IT";"Assistant";"";"B";"name@company.or";""
390;"Grace";35;0;"";"Sales";"Manager";"";"A";"";""
393;"Alice";40;70000;"";"Sales";"Director";"";"F";"name@company.or";""
394;"Jack";50;65000;"";"Finance";"Clerk";"";"C";"name@company.or";""
395;"Jack";25;0;"";"Marketing";"Manager";"";"F";"email@example.c";""
396;"Alice";40;70000;"";"IT";"Assistant";"";"C";"";"098-765-4321"
397;"Bob";50;600000;"";"HR";"Clerk";"";"B";"name@company.or";""
398;"Frank";40;0;"";"Sales";"Director";"";"D";"";"098-765-4321"
400;"Hannah";25;65000;"";"HR";"Analyst";"";"D";"";"098-765-4321"
402;"Alice";25;600000;"";"Sales";"Manager";"";"F";"email@example.c";""
403;"Grace";30;70000;"";"Marketing";"Assistant";"";"F";"";""
404;"Eve";50;600000;"";"HR";"Assistant";"";"A";"";""
407;"Charlie";40;50000;"";"Finance";"Manager";"";"B";"";"555-555-5555"
408;"Jack";25;55000;"";"HR";"Clerk";"";"F";"email@example.c";""
409;"Charlie";50;0;"";"IT";"Manager";"";"B";"";""
410;"Eve";25;600000;"";"Marketing";"Manager";"";"F";"";""
411;"Frank";35;55000;"";"HR";"Analyst";"";"F";"";""
412;"Ivy";40;70000;"";"Sales";"Clerk";"";"C";"user@domain.com";""
413;"Eve";50;50000;"";"IT";"Director";"";"B";"";"123-456-7890"
414;"Alice";50;600000;"";"HR";"Director";"";"B";"";"098-765-4321"
415;"David";30;50000;"";"IT";"Assistant";"";"C";"user@domain.com";""
416;"Eve";0;600000;"";"IT";"Manager";"";"D";"name@company.or";""
417;"Jack";30;70000;"";"Finance";"Assistant";"";"B";"email@example.c";""
418;"Jack";50;50000;"";"IT";"Analyst";"";"A";"";""
419;"Eve";40;65000;"";"Finance";"Director";"";"C";"email@example.c";""
420;"Grace";25;0;"";"Marketing";"Manager";"";"B";"";"555-555-5555"
427;"Frank";0;50000;"";"Finance";"Clerk";"";"D";"name@company.or";"555-555-5555"
428;"Eve";0;70000;"";"HR";"Assistant";"";"F";"";"098-765-4321"
434;"Charlie";35;65000;"";"Finance";"Director";"";"F";"name@company.or";""
435;"Jack";0;0;"";"HR";"Director";"";"C";"";"123-456-7890"
436;"Alice";50;55000;"";"HR";"Director";"";"B";"";"123-456-7890"
437;"Hannah";50;70000;"";"IT";"Manager";"";"B";"user@domain.com";""
439;"David";50;0;"";"Marketing";"Assistant";"";"C";"";"555-555-5555"
440;"Hannah";40;70000;"";"Sales";"Manager";"";"F";"";"555-555-5555"
441;"Grace";30;600000;"";"HR";"Analyst";"";"D";"";"123-456-7890"
442;"Bob";25;600000;"";"Sales";"Analyst";"";"B";"name@company.or";""
443;"Alice";0;65000;"";"Marketing";"Clerk";"";"F";"";""
444;"David";0;0;"";"HR";"Clerk";"";"B";"";"098-765-4321"
446;"Bob";0;70000;"";"Sales";"Clerk";"";"A";"";"555-555-5555"
447;"Charlie";40;70000;"";"Finance";"Analyst";"";"F";"";""
448;"Alice";50;0;"";"IT";"Clerk";"";"F";"";""
450;"Charlie";35;0;"";"Sales";"Clerk";"";"C";"email@example.c";""
451;"Eve";40;55000;"";"IT";"Analyst";"";"D";"user@domain.com";"555-555-5555"
452;"Charlie";50;0;"";"Finance";"Manager";"";"C";"";"123-456-7890"
453;"Alice";30;600000;"";"IT";"Assistant";"";"F";"name@company.or";""
454;"Alice";35;70000;"";"HR";"Clerk";"";"D";"";""
456;"Jack";25;0;"";"IT";"Assistant";"";"A";"user@domain.com";"555-555-5555"
458;"Charlie";25;55000;"";"IT";"Director";"";"C";"email@example.c";""
460;"Charlie";30;70000;"";"Marketing";"Analyst";"";"A";"user@domain.com";""
461;"Grace";35;50000;"";"Finance";"Analyst";"";"F";"";""
462;"Alice";50;70000;"";"Sales";"Clerk";"";"B";"";"098-765-4321"
463;"Jack";40;70000;"";"Finance";"Clerk";"";"C";"";"098-765-4321"
465;"Jack";50;55000;"";"HR";"Assistant";"";"C";"";""
466;"Jack";25;70000;"";"Finance";"Assistant";"";"B";"email@example.c";""
468;"Bob";35;70000;"";"IT";"Clerk";"";"A";"";"123-456-7890"
469;"Charlie";0;55000;"";"HR";"Manager";"";"C";"";"555-555-5555"
470;"Ivy";30;70000;"";"HR";"Director";"";"C";"user@domain.com";""
471;"Grace";25;70000;"";"Sales";"Manager";"";"D";"";"555-555-5555"
472;"David";40;65000;"";"Finance";"Assistant";"";"A";"";""
474;"Eve";30;600000;"";"HR";"Director";"";"C";"email@example.c";""
475;"Bob";35;50000;"";"Marketing";"Analyst";"";"D";"";""
476;"Hannah";30;65000;"";"Marketing";"Assistant";"";"C";"user@domain.com";"555-555-5555"
477;"David";30;600000;"";"HR";"Assistant";"";"C";"";""
478;"Ivy";50;70000;"";"Sales";"Director";"";"B";"";"555-555-5555"
479;"Eve";25;65000;"";"HR";"Assistant";"";"B";"email@example.c";"555-555-5555"
480;"Ivy";35;70000;"";"IT";"Director";"";"D";"name@company.or";""
482;"Jack";50;0;"";"Sales";"Director";"";"B";"";"098-765-4321"
483;"Eve";40;65000;"";"IT";"Assistant";"";"F";"";"555-555-5555"
484;"Ivy";40;55000;"";"Sales";"Assistant";"";"A";"";"098-765-4321"
485;"Hannah";25;65000;"";"IT";"Director";"";"B";"";""
486;"Charlie";25;65000;"";"Finance";"Director";"";"B";"user@domain.com";""
488;"Charlie";50;600000;"";"Marketing";"Clerk";"";"F";"";""
489;"David";40;50000;"";"IT";"Assistant";"";"B";"";""
490;"Bob";30;70000;"";"Marketing";"Assistant";"";"B";"";"098-765-4321"
491;"Alice";35;65000;"";"IT";"Clerk";"";"D";"name@company.or";""
493;"Hannah";35;0;"";"Finance";"Analyst";"";"F";"name@company.or";""
494;"Grace";35;55000;"";"Sales";"Director";"";"A";"name@company.or";""
495;"Eve";0;70000;"";"Marketing";"Director";"";"A";"name@company.or";""
496;"Alice";40;55000;"";"IT";"Clerk";"";"C";"";""
497;"Grace";25;70000;"";"IT";"Assistant";"";"B";"";"555-555-5555"
498;"Grace";35;50000;"";"Finance";"Director";"";"F";"user@domain.com";""
499;"Ivy";25;50000;"";"IT";"Assistant";"";"B";"email@example.c";""
500;"Charlie";30;50000;"";"HR";"Manager";"";"F";"";"098-765-4321"
505;"Ivy";40;65000;"";"Marketing";"Assistant";"";"B";"";"123-456-7890"
507;"Charlie";35;50000;"";"HR";"Clerk";"";"C";"";"098-765-4321"
509;"David";0;55000;"";"IT";"Director";"";"F";"";"555-555-5555"
512;"Ivy";40;70000;"";"Sales";"Assistant";"";"F";"";"123-456-7890"
513;"Grace";30;65000;"";"Sales";"Assistant";"";"C";"user@domain.com";""
514;"David";30;600000;"";"Sales";"Assistant";"";"F";"";"555-555-5555"
515;"Charlie";50;55000;"";"HR";"Assistant";"";"B";"email@example.c";""
517;"Eve";0;0;"";"Marketing";"Clerk";"";"B";"";""
518;"Eve";40;50000;"";"Sales";"Clerk";"";"B";"";"555-555-5555"
520;"Ivy";40;65000;"";"Finance";"Manager";"";"A";"";"555-555-5555"
522;"Eve";25;600000;"";"Marketing";"Manager";"";"A";"";"098-765-4321"
523;"David";30;70000;"";"Finance";"Assistant";"";"F";"";"123-456-7890"
524;"Eve";40;65000;"";"Finance";"Analyst";"";"F";"";"123-456-7890"
526;"Ivy";40;70000;"";"Sales";"Director";"";"F";"email@example.c";""
528;"Eve";30;50000;"";"Marketing";"Clerk";"";"B";"";""
531;"Grace";35;70000;"";"Finance";"Assistant";"";"F";"user@domain.com";"123-456-7890"
532;"Jack";40;600000;"";"IT";"Director";"";"A";"";""
534;"Charlie";25;50000;"";"Sales";"Analyst";"";"B";"";""
537;"Ivy";0;70000;"";"Marketing";"Manager";"";"D";"email@example.c";""
538;"Jack";25;55000;"";"HR";"Analyst";"";"F";"";"123-456-7890"
540;"Alice";35;65000;"";"Sales";"Clerk";"";"A";"email@example.c";""
542;"Grace";40;65000;"";"IT";"Clerk";"";"D";"";"123-456-7890"
543;"Hannah";35;600000;"";"HR";"Manager";"";"F";"name@company.or";""
545;"Ivy";25;65000;"";"IT";"Director";"";"A";"email@example.c";""
546;"Bob";40;600000;"";"HR";"Clerk";"";"A";"";""
547;"Jack";30;600000;"";"HR";"Director";"";"A";"";"098-765-4321"
548;"Bob";0;55000;"";"Sales";"Analyst";"";"C";"";""
549;"Eve";35;70000;"";"Sales";"Clerk";"";"F";"name@company.or";""
550;"Eve";50;70000;"";"HR";"Assistant";"";"B";"";"123-456-7890"
551;"Frank";0;0;"";"Finance";"Analyst";"";"F";"";"098-765-4321"
552;"Charlie";40;0;"";"Sales";"Analyst";"";"C";"email@example.c";""
555;"Frank";30;65000;"";"Sales";"Manager";"";"D";"";"555-555-5555"
556;"David";25;50000;"";"IT";"Director";"";"D";"name@company.or";"123-456-7890"
557;"Alice";35;50000;"";"HR";"Clerk";"";"F";"";""
558;"Grace";30;50000;"";"Marketing";"Manager";"";"F";"name@company.or";""
559;"Ivy";30;55000;"";"Finance";"Clerk";"";"B";"";"098-765-4321"
562;"Frank";50;50000;"";"Sales";"Analyst";"";"A";"name@company.or";""
563;"Charlie";30;65000;"";"Sales";"Analyst";"";"C";"email@example.c";""
565;"Grace";30;65000;"";"Marketing";"Manager";"";"B";"";"555-555-5555"
569;"Grace";0;50000;"";"IT";"Manager";"";"C";"email@example.c";""
571;"Bob";40;0;"";"Marketing";"Director";"";"B";"";"555-555-5555"
572;"Jack";50;55000;"";"IT";"Analyst";"";"B";"name@company.or";""
573;"David";35;55000;"";"HR";"Analyst";"";"D";"name@company.or";"555-555-5555"
574;"Hannah";25;70000;"";"HR";"Analyst";"";"A";"";"098-765-4321"
576;"Grace";25;65000;"";"IT";"Assistant";"";"C";"email@example.c";""
577;"Alice";30;600000;"";"Finance";"Clerk";"";"F";"";""
578;"Charlie";0;55000;"";"IT";"Analyst";"";"B";"";"123-456-7890"
583;"Alice";50;55000;"";"IT";"Director";"";"B";"";"098-765-4321"
585;"Eve";25;55000;"";"IT";"Assistant";"";"D";"";"123-456-7890"
586;"Frank";30;50000;"";"Marketing";"Clerk";"";"F";"";""
588;"Eve";0;50000;"";"Finance";"Clerk";"";"D";"name@company.or";""
589;"Frank";50;50000;"";"Marketing";"Manager";"";"A";"name@company.or";""
591;"Eve";40;0;"";"Sales";"Manager";"";"A";"";"555-555-5555"
594;"Charlie";0;50000;"";"HR";"Assistant";"";"F";"name@company.or";""
595;"David";0;55000;"";"Finance";"Assistant";"";"D";"email@example.c";""
597;"Bob";0;65000;"";"IT";"Director";"";"A";"";"098-765-4321"
598;"Ivy";35;0;"";"IT";"Analyst";"";"C";"";""
600;"Alice";0;70000;"";"Sales";"Analyst";"";"D";"";""
601;"Eve";50;65000;"";"IT";"Manager";"";"F";"";"098-765-4321"
602;"Frank";25;600000;"";"IT";"Director";"";"B";"name@company.or";""
605;"Grace";25;70000;"";"HR";"Director";"";"B";"";"098-765-4321"
608;"Hannah";35;0;"";"Sales";"Assistant";"";"D";"user@domain.com";""
609;"Frank";30;50000;"";"HR";"Analyst";"";"C";"";""
610;"Hannah";30;65000;"";"Sales";"Clerk";"";"A";"name@company.or";""
613;"Jack";0;70000;"";"IT";"Analyst";"";"B";"";"123-456-7890"
614;"David";0;70000;"";"HR";"Analyst";"";"C";"";"123-456-7890"
616;"Hannah";35;70000;"";"Sales";"Analyst";"";"B";"email@example.c";""
618;"Bob";40;0;"";"HR";"Manager";"";"D";"";""
619;"Eve";0;0;"";"Finance";"Assistant";"";"C";"";"123-456-7890"
620;"Ivy";40;65000;"";"IT";"Analyst";"";"F";"";""
621;"David";35;600000;"";"HR";"Manager";"";"C";"";"123-456-7890"
622;"Frank";25;0;"";"Sales";"Analyst";"";"F";"email@example.c";"123-456-7890"
625;"Alice";35;50000;"";"HR";"Assistant";"";"B";"";"123-456-7890"
626;"Eve";30;0;"";"Finance";"Assistant";"";"B";"email@example.c";""
627;"David";30;65000;"";"HR";"Analyst";"";"A";"user@domain.com";""
630;"Bob";30;55000;"";"Finance";"Assistant";"";"C";"";"123-456-7890"
632;"Eve";0;70000;"";"Sales";"Clerk";"";"D";"";"098-765-4321"
633;"Ivy";25;70000;"";"Finance";"Analyst";"";"A";"";"098-765-4321"
634;"Bob";35;65000;"";"IT";"Manager";"";"B";"";"555-555-5555"
636;"Hannah";25;55000;"";"HR";"Director";"";"F";"";"555-555-5555"
637;"Bob";40;600000;"";"Marketing";"Assistant";"";"B";"name@company.or";""
639;"Grace";35;70000;"";"HR";"Assistant";"";"D";"";""
641;"Alice";30;600000;"";"HR";"Director";"";"B";"";"098-765-4321"
644;"Bob";50;50000;"";"Marketing";"Director";"";"D";"";""
645;"Alice";35;600000;"";"Finance";"Analyst";"";"F";"";""
646;"Eve";35;0;"";"HR";"Analyst";"";"A";"user@domain.com";""
649;"Frank";50;0;"";"Finance";"Assistant";"";"D";"user@domain.com";""
650;"Alice";0;65000;"";"IT";"Director";"";"A";"";""
651;"Alice";0;50000;"";"HR";"Assistant";"";"A";"name@company.or";""
652;"Bob";40;70000;"";"Sales";"Director";"";"B";"";"098-765-4321"
654;"Charlie";40;55000;"";"Finance";"Manager";"";"A";"";"555-555-5555"
655;"Alice";35;50000;"";"Sales";"Manager";"";"F";"";"123-456-7890"
656;"Eve";0;65000;"";"HR";"Director";"";"C";"";"098-765-4321"
657;"Grace";50;70000;"";"IT";"Assistant";"";"C";"email@example.c";""
658;"Frank";35;600000;"";"Finance";"Assistant";"";"F";"";"123-456-7890"
659;"Alice";25;50000;"";"IT";"Analyst";"";"D";"";"098-765-4321"
660;"Eve";40;65000;"";"Marketing";"Clerk";"";"F";"";""
662;"Frank";35;55000;"";"Marketing";"Clerk";"";"D";"";"123-456-7890"
663;"Charlie";25;55000;"";"Marketing";"Clerk";"";"D";"";"555-555-5555"
664;"Eve";30;600000;"";"Marketing";"Director";"";"D";"user@domain.com";""
665;"Grace";0;50000;"";"HR";"Assistant";"";"D";"email@example.c";""
667;"Eve";30;70000;"";"Sales";"Clerk";"";"F";"";"123-456-7890"
669;"Jack";35;600000;"";"IT";"Manager";"";"B";"email@example.c";""
672;"Alice";0;50000;"";"Marketing";"Assistant";"";"B";"";""
673;"Eve";30;70000;"";"Sales";"Manager";"";"F";"name@company.or";""
676;"Charlie";0;65000;"";"Sales";"Analyst";"";"F";"";"098-765-4321"
677;"David";50;0;"";"Finance";"Director";"";"B";"user@domain.com";""
680;"Hannah";40;55000;"";"Finance";"Assistant";"";"D";"";""
681;"Bob";40;0;"";"Marketing";"Clerk";"";"C";"";"123-456-7890"
682;"Hannah";35;65000;"";"Finance";"Clerk";"";"A";"";"555-555-5555"
683;"Grace";50;50000;"";"Marketing";"Manager";"";"A";"email@example.c";""
685;"Jack";0;0;"";"Finance";"Clerk";"";"B";"email@example.c";""
686;"Bob";35;50000;"";"IT";"Manager";"";"D";"email@example.c";""
687;"Frank";40;55000;"";"Finance";"Assistant";"";"C";"name@company.or";""
689;"Charlie";40;50000;"";"Finance";"Director";"";"C";"user@domain.com";""
690;"Bob";0;65000;"";"IT";"Clerk";"";"B";"";"555-555-5555"
691;"Alice";30;600000;"";"HR";"Assistant";"";"B";"name@company.or";""
694;"Ivy";50;600000;"";"Marketing";"Manager";"";"B";"";""
695;"Alice";25;70000;"";"IT";"Director";"";"C";"";""
696;"Grace";50;55000;"";"Sales";"Manager";"";"A";"";"123-456-7890"
697;"Eve";50;65000;"";"HR";"Analyst";"";"C";"email@example.c";""
698;"Eve";25;70000;"";"Marketing";"Director";"";"C";"";"555-555-5555"
699;"Bob";50;65000;"";"HR";"Director";"";"F";"name@company.or";"555-555-5555"
701;"Grace";0;55000;"";"IT";"Clerk";"";"D";"email@example.c";""
704;"Frank";50;55000;"";"IT";"Assistant";"";"D";"";"555-555-5555"
705;"Bob";25;70000;"";"Marketing";"Assistant";"";"C";"";""
706;"Bob";0;0;"";"HR";"Clerk";"";"F";"";"123-456-7890"
708;"Charlie";50;0;"";"Sales";"Director";"";"B";"";""
709;"Bob";40;70000;"";"Finance";"Analyst";"";"B";"email@example.c";""
710;"David";40;55000;"";"Marketing";"Clerk";"";"B";"";"098-765-4321"
712;"Frank";35;0;"";"Finance";"Clerk";"";"A";"user@domain.com";""
713;"Alice";40;65000;"";"Marketing";"Manager";"";"F";"";"555-555-5555"
714;"Hannah";25;65000;"";"HR";"Analyst";"";"F";"";"098-765-4321"
715;"Grace";40;50000;"";"Marketing";"Director";"";"B";"";"123-456-7890"
716;"Jack";30;70000;"";"Sales";"Manager";"";"A";"";""
717;"Charlie";50;65000;"";"IT";"Manager";"";"A";"";"098-765-4321"
718;"Alice";30;50000;"";"HR";"Analyst";"";"A";"";"098-765-4321"
719;"Eve";50;65000;"";"Finance";"Director";"";"D";"";""
721;"Jack";35;0;"";"IT";"Director";"";"B";"user@domain.com";""
722;"Hannah";40;600000;"";"Marketing";"Clerk";"";"A";"";""
724;"Jack";25;55000;"";"Sales";"Clerk";"";"F";"";""
726;"David";50;65000;"";"IT";"Clerk";"";"B";"";"123-456-7890"
727;"Hannah";25;0;"";"Marketing";"Director";"";"A";"";""
728;"Eve";35;55000;"";"IT";"Clerk";"";"B";"";""
729;"Bob";50;0;"";"Sales";"Assistant";"";"F";"";"123-456-7890"
730;"Frank";35;55000;"";"Sales";"Assistant";"";"F";"name@company.or";""
732;"Bob";25;65000;"";"Finance";"Director";"";"B";"name@company.or";""
735;"Grace";50;50000;"";"Finance";"Assistant";"";"A";"";"098-765-4321"
736;"Grace";50;0;"";"IT";"Clerk";"";"D";"user@domain.com";""
739;"David";0;70000;"";"Marketing";"Director";"";"C";"name@company.or";""
740;"Hannah";25;65000;"";"Finance";"Clerk";"";"B";"";"123-456-7890"
742;"Hannah";30;55000;"";"IT";"Director";"";"F";"";"555-555-5555"
743;"Ivy";0;0;"";"IT";"Assistant";"";"B";"user@domain.com";""
744;"Charlie";25;70000;"";"IT";"Manager";"";"B";"";""
747;"Jack";25;70000;"";"IT";"Director";"";"B";"name@company.or";"555-555-5555"
748;"Charlie";25;65000;"";"IT";"Director";"";"A";"name@company.or";""
750;"Eve";50;50000;"";"HR";"Clerk";"";"F";"name@company.or";""
751;"Eve";25;50000;"";"Finance";"Assistant";"";"D";"";"098-765-4321"
752;"Bob";40;55000;"";"Finance";"Analyst";"";"A";"";"098-765-4321"
753;"Jack";0;65000;"";"Sales";"Analyst";"";"D";"";"098-765-4321"
754;"Frank";30;50000;"";"HR";"Clerk";"";"D";"";"555-555-5555"
758;"Eve";30;600000;"";"IT";"Assistant";"";"D";"";""
759;"Ivy";50;50000;"";"Sales";"Manager";"";"F";"email@example.c";""
760;"Jack";30;65000;"";"Finance";"Assistant";"";"F";"";""
768;"Frank";35;600000;"";"Marketing";"Clerk";"";"F";"";"123-456-7890"
769;"Hannah";35;0;"";"Marketing";"Analyst";"";"C";"";"098-765-4321"
770;"Alice";50;0;"";"HR";"Clerk";"";"B";"";"123-456-7890"
771;"Jack";25;65000;"";"Marketing";"Clerk";"";"A";"name@company.or";""
772;"David";50;600000;"";"HR";"Assistant";"";"F";"name@company.or";""
774;"Hannah";25;55000;"";"Sales";"Analyst";"";"B";"email@example.c";""
775;"Alice";30;70000;"";"Sales";"Assistant";"";"B";"";"555-555-5555"
776;"Charlie";0;50000;"";"Finance";"Manager";"";"C";"";""
781;"Grace";50;600000;"";"Finance";"Director";"";"D";"";"098-765-4321"
782;"Hannah";35;70000;"";"Sales";"Assistant";"";"C";"user@domain.com";""
783;"Bob";35;600000;"";"Sales";"Manager";"";"A";"name@company.or";""
784;"Jack";0;50000;"";"IT";"Assistant";"";"B";"";""
786;"Charlie";50;0;"";"Finance";"Assistant";"";"A";"user@domain.com";""
788;"Charlie";50;70000;"";"Sales";"Clerk";"";"D";"";""
789;"Grace";30;0;"";"Finance";"Director";"";"B";"";""
791;"Jack";25;600000;"";"Marketing";"Director";"";"F";"";"555-555-5555"
792;"Frank";0;70000;"";"Finance";"Manager";"";"F";"name@company.or";""
793;"Charlie";30;600000;"";"Sales";"Director";"";"B";"";"555-555-5555"
794;"Charlie";50;70000;"";"Finance";"Manager";"";"B";"user@domain.com";""
796;"Grace";30;55000;"";"IT";"Manager";"";"B";"name@company.or";""
797;"Eve";50;600000;"";"Finance";"Assistant";"";"C";"";"098-765-4321"
798;"Jack";0;0;"";"Sales";"Assistant";"";"A";"";""
799;"Grace";0;55000;"";"Finance";"Clerk";"";"B";"email@example.c";""
800;"Ivy";40;600000;"";"Finance";"Manager";"";"F";"";"098-765-4321"
801;"Alice";25;70000;"";"Sales";"Analyst";"";"C";"user@domain.com";""
802;"Grace";40;70000;"";"Sales";"Clerk";"";"F";"email@example.c";""
803;"Frank";35;70000;"";"HR";"Assistant";"";"C";"user@domain.com";""
805;"Ivy";35;50000;"";"Marketing";"Director";"";"A";"";""
806;"Alice";50;70000;"";"Finance";"Analyst";"";"F";"email@example.c";""
808;"Ivy";40;70000;"";"Sales";"Clerk";"";"D";"";""
814;"David";50;55000;"";"IT";"Manager";"";"D";"";"555-555-5555"
815;"Frank";30;600000;"";"HR";"Assistant";"";"B";"";""
816;"Bob";35;50000;"";"Marketing";"Clerk";"";"C";"";"098-765-4321"
818;"Hannah";40;65000;"";"IT";"Manager";"";"B";"email@example.c";""
822;"Ivy";0;0;"";"Sales";"Director";"";"D";"user@domain.com";""
823;"Eve";30;65000;"";"Sales";"Manager";"";"D";"";"555-555-5555"
824;"Frank";35;65000;"";"IT";"Clerk";"";"F";"email@example.c";""
826;"Jack";40;50000;"";"HR";"Clerk";"";"B";"";"123-456-7890"
827;"Bob";40;65000;"";"Marketing";"Director";"";"C";"user@domain.com";""
828;"Hannah";50;50000;"";"Sales";"Assistant";"";"F";"name@company.or";""
829;"Frank";25;65000;"";"Sales";"Analyst";"";"D";"user@domain.com";""
830;"Eve";0;70000;"";"Finance";"Manager";"";"B";"user@domain.com";"098-765-4321"
831;"Ivy";25;0;"";"Finance";"Analyst";"";"A";"";"098-765-4321"
832;"Alice";50;65000;"";"IT";"Manager";"";"A";"name@company.or";""
838;"Grace";0;65000;"";"Finance";"Manager";"";"C";"";""
839;"David";0;0;"";"Finance";"Director";"";"C";"";"123-456-7890"
840;"Hannah";0;55000;"";"IT";"Analyst";"";"C";"";""
841;"Grace";50;0;"";"Marketing";"Clerk";"";"B";"";""
842;"Ivy";0;55000;"";"Sales";"Assistant";"";"C";"";""
843;"Grace";0;50000;"";"Finance";"Manager";"";"C";"";"555-555-5555"
844;"Charlie";30;70000;"";"Sales";"Manager";"";"B";"";""
848;"David";0;70000;"";"IT";"Analyst";"";"A";"";"555-555-5555"
849;"Hannah";30;65000;"";"Marketing";"Assistant";"";"A";"";"555-555-5555"
851;"Bob";30;65000;"";"IT";"Assistant";"";"F";"";""
852;"David";0;55000;"";"Marketing";"Clerk";"";"C";"";""
853;"David";30;55000;"";"HR";"Analyst";"";"A";"";"555-555-5555"
855;"Frank";0;50000;"";"Finance";"Manager";"";"D";"user@domain.com";""
856;"Alice";50;70000;"";"Sales";"Analyst";"";"F";"email@example.c";""
862;"Hannah";40;55000;"";"Marketing";"Assistant";"";"B";"";""
863;"Jack";0;600000;"";"Sales";"Analyst";"";"F";"";"123-456-7890"
864;"Charlie";35;65000;"";"HR";"Assistant";"";"F";"email@example.c";""
866;"Frank";30;55000;"";"HR";"Clerk";"";"A";"user@domain.com";""
867;"Jack";40;55000;"";"HR";"Clerk";"";"C";"";"555-555-5555"
868;"Frank";25;65000;"";"IT";"Manager";"";"A";"";"123-456-7890"
870;"Charlie";30;50000;"";"HR";"Assistant";"";"B";"name@company.or";""
871;"David";0;70000;"";"Marketing";"Assistant";"";"B";"";""
874;"Alice";0;55000;"";"IT";"Clerk";"";"F";"user@domain.com";""
875;"Alice";50;70000;"";"HR";"Clerk";"";"A";"";""
879;"David";40;50000;"";"IT";"Analyst";"";"B";"name@company.or";""
881;"Alice";40;600000;"";"Finance";"Assistant";"";"B";"";"555-555-5555"
883;"Bob";50;70000;"";"Marketing";"Analyst";"";"B";"user@domain.com";""
886;"Eve";40;70000;"";"Marketing";"Assistant";"";"D";"";""
888;"Jack";25;50000;"";"Sales";"Analyst";"";"A";"email@example.c";""
889;"Bob";0;55000;"";"Sales";"Director";"";"F";"user@domain.com";""
893;"Alice";35;50000;"";"IT";"Analyst";"";"C";"";""
894;"Eve";25;0;"";"Marketing";"Analyst";"";"C";"";"555-555-5555"
895;"Ivy";25;50000;"";"IT";"Director";"";"B";"name@company.or";""
896;"Alice";0;50000;"";"Finance";"Assistant";"";"A";"";""
897;"Ivy";30;70000;"";"Marketing";"Clerk";"";"F";"";""
898;"Hannah";35;70000;"";"Finance";"Director";"";"F";"";""
899;"Frank";40;55000;"";"Marketing";"Analyst";"";"A";"";""
901;"Charlie";25;55000;"";"IT";"Manager";"";"F";"email@example.c";""
903;"Eve";0;50000;"";"Marketing";"Manager";"";"A";"";""
905;"Eve";35;50000;"";"Finance";"Director";"";"B";"name@company.or";""
906;"Hannah";30;50000;"";"Sales";"Assistant";"";"A";"email@example.c";""
907;"Ivy";35;55000;"";"Finance";"Clerk";"";"F";"name@company.or";""
908;"Bob";50;0;"";"Finance";"Manager";"";"B";"";""
910;"Charlie";30;0;"";"HR";"Assistant";"";"B";"name@company.or";""
911;"Alice";40;55000;"";"Finance";"Director";"";"B";"";"123-456-7890"
913;"Frank";0;55000;"";"Marketing";"Clerk";"";"C";"";""
914;"Hannah";50;70000;"";"Sales";"Director";"";"B";"";"098-765-4321"
917;"Charlie";40;0;"";"HR";"Director";"";"C";"";"123-456-7890"
918;"Eve";0;50000;"";"Sales";"Assistant";"";"C";"";""
921;"Charlie";25;55000;"";"Sales";"Clerk";"";"D";"";"123-456-7890"
922;"Jack";25;600000;"";"Marketing";"Analyst";"";"D";"";""
923;"David";50;70000;"";"HR";"Assistant";"";"F";"user@domain.com";""
924;"Ivy";0;0;"";"HR";"Director";"";"C";"name@company.or";""
927;"Bob";35;65000;"";"Finance";"Assistant";"";"D";"";""
928;"Hannah";40;600000;"";"Finance";"Clerk";"";"F";"";"098-765-4321"
929;"Hannah";40;55000;"";"IT";"Analyst";"";"A";"";""
930;"Grace";0;600000;"";"IT";"Clerk";"";"C";"";"123-456-7890"
932;"Charlie";25;50000;"";"IT";"Clerk";"";"F";"";"123-456-7890"
934;"Alice";0;65000;"";"Finance";"Assistant";"";"D";"";""
941;"Bob";30;0;"";"Finance";"Manager";"";"D";"";""
944;"Hannah";25;0;"";"Marketing";"Clerk";"";"F";"";"123-456-7890"
947;"Charlie";30;50000;"";"Marketing";"Clerk";"";"B";"user@domain.com";""
948;"Frank";40;55000;"";"IT";"Manager";"";"A";"";"098-765-4321"
949;"Frank";25;65000;"";"Marketing";"Manager";"";"C";"email@example.c";""
950;"Charlie";35;55000;"";"HR";"Analyst";"";"B";"";"555-555-5555"
953;"Hannah";40;50000;"";"Sales";"Director";"";"B";"";"123-456-7890"
954;"Jack";35;0;"";"Marketing";"Analyst";"";"B";"email@example.c";""
955;"David";40;600000;"";"Sales";"Director";"";"C";"user@domain.com";""
957;"David";25;50000;"";"Marketing";"Analyst";"";"F";"";""
963;"Eve";40;50000;"";"IT";"Clerk";"";"C";"";"555-555-5555"
964;"Grace";30;600000;"";"Finance";"Analyst";"";"B";"";""
968;"Bob";30;70000;"";"HR";"Assistant";"";"A";"";""
969;"Jack";25;600000;"";"IT";"Director";"";"A";"";"123-456-7890"
970;"Eve";30;600000;"";"HR";"Director";"";"F";"user@domain.com";""
972;"Alice";25;55000;"";"Sales";"Clerk";"";"B";"";""
973;"Frank";35;65000;"";"IT";"Analyst";"";"C";"user@domain.com";""
974;"Frank";30;65000;"";"HR";"Assistant";"";"D";"";"555-555-5555"
975;"David";0;50000;"";"Sales";"Assistant";"";"D";"";"555-555-5555"
976;"Hannah";50;65000;"";"HR";"Clerk";"";"D";"";"098-765-4321"
978;"Hannah";50;70000;"";"Finance";"Clerk";"";"A";"";""
979;"Hannah";40;50000;"";"Marketing";"Director";"";"C";"";"123-456-7890"
980;"Eve";0;0;"";"HR";"Director";"";"B";"";""
981;"David";30;55000;"";"IT";"Clerk";"";"D";"";""
982;"Bob";30;55000;"";"Sales";"Manager";"";"C";"";"123-456-7890"
985;"David";40;0;"";"Marketing";"Director";"";"B";"";""
986;"David";25;65000;"";"IT";"Manager";"";"F";"";""
989;"David";40;70000;"";"IT";"Manager";"";"C";"user@domain.com";""
991;"Hannah";30;600000;"";"HR";"Assistant";"";"C";"email@example.c";""
992;"Frank";25;55000;"";"Marketing";"Manager";"";"C";"";""
994;"Hannah";35;0;"";"Finance";"Clerk";"";"B";"";"123-456-7890"
995;"Grace";30;50000;"";"Marketing";"Manager";"";"A";"";""
996;"Jack";50;65000;"";"HR";"Manager";"";"F";"";"098-765-4321"
997;"Jack";30;50000;"";"Finance";"Analyst";"";"C";"";"555-555-5555"
998;"Hannah";30;70000;"";"IT";"Assistant";"";"D";"user@domain.com";""
999;"Bob";25;65000;"";"Marketing";"Manager";"";"D";"email@example.c";""
