"name";"age";"salary";"gender";"Department";"position";"Joining_Date";"performance_score";"email";"Phone_number"
"Grace";25;50000;"";"HR";"Manager";"";"D";"email@example.c";""
"David";0;65000;"";"Finance";"Director";"";"F";"user@domain.com";"123-456-7890"
"Hannah";35;600000;"";"Sales";"Director";"";"C";"email@example.c";"098-765-4321"
"Eve";0;50000;"";"IT";"Manager";"";"A";"name@company.or";""
"Grace";0;0;"";"Finance";"Manager";"";"F";"name@company.or";"098-765-4321"
"Jack";0;65000;"";"Marketing";"Director";"";"F";"user@domain.com";""
"Charlie";0;50000;"";"Marketing";"Clerk";"";"B";"";"123-456-7890"
"Grace";40;50000;"";"HR";"Director";"";"C";"";""
"Hannah";40;600000;"";"Marketing";"Manager";"";"C";"user@domain.com";"123-456-7890"
"Eve";30;0;"";"Finance";"Assistant";"";"A";"";""
"David";25;70000;"";"Marketing";"Analyst";"";"B";"";"123-456-7890"
"Hannah";0;70000;"";"Finance";"Assistant";"";"A";"";""
"Hannah";30;50000;"";"IT";"Assistant";"";"D";"";""
"Charlie";25;55000;"";"HR";"Manager";"";"F";"";"555-555-5555"
"Frank";50;0;"";"Marketing";"Director";"";"A";"";"123-456-7890"
"Eve";35;65000;"";"Finance";"Clerk";"";"F";"";"123-456-7890"
"Bob";40;55000;"";"Sales";"Assistant";"";"B";"";"098-765-4321"
"Hannah";50;55000;"";"HR";"Director";"";"D";"user@domain.com";""
"Frank";25;0;"";"IT";"Clerk";"";"B";"email@example.c";"555-555-5555"
"Bob";50;50000;"";"Finance";"Assistant";"";"D";"user@domain.com";""
"Eve";35;50000;"";"IT";"Clerk";"";"D";"email@example.c";"098-765-4321"
"Alice";25;50000;"";"IT";"Director";"";"F";"user@domain.com";"555-555-5555"
"Jack";50;50000;"";"Marketing";"Analyst";"";"B";"email@example.c";""
"Frank";40;70000;"";"Marketing";"Director";"";"B";"email@example.c";"555-555-5555"
"Ivy";40;50000;"";"Finance";"Manager";"";"A";"name@company.or";"123-456-7890"
"Alice";30;70000;"";"Sales";"Clerk";"";"B";"email@example.c";"123-456-7890"
"Jack";50;70000;"";"Finance";"Analyst";"";"A";"email@example.c";"098-765-4321"
"Charlie";0;50000;"";"Sales";"Clerk";"";"C";"name@company.or";""
"Grace";50;600000;"";"IT";"Clerk";"";"C";"";""
"David";25;65000;"";"HR";"Assistant";"";"C";"";"555-555-5555"
"Ivy";25;55000;"";"Finance";"Manager";"";"B";"name@company.or";"098-765-4321"
"Charlie";50;70000;"";"Finance";"Clerk";"";"B";"";""
"Eve";35;0;"";"Sales";"Director";"";"A";"email@example.c";"123-456-7890"
"Charlie";40;0;"";"IT";"Director";"";"D";"email@example.c";"555-555-5555"
"Grace";25;65000;"";"IT";"Assistant";"";"A";"name@company.or";""
"Eve";40;0;"";"Sales";"Manager";"";"C";"name@company.or";"123-456-7890"
"Ivy";25;600000;"";"IT";"Manager";"";"A";"";"098-765-4321"
"Grace";30;0;"";"Marketing";"Director";"";"D";"";""
"Bob";0;55000;"";"HR";"Analyst";"";"B";"user@domain.com";"123-456-7890"
"David";25;55000;"";"Finance";"Assistant";"";"A";"";""
"Ivy";40;70000;"";"HR";"Assistant";"";"C";"email@example.c";""
"Bob";30;50000;"";"Finance";"Director";"";"C";"name@company.or";"098-765-4321"
"Jack";25;600000;"";"Marketing";"Director";"";"B";"";"123-456-7890"
"Ivy";35;70000;"";"IT";"Analyst";"";"A";"";"555-555-5555"
"Jack";0;600000;"";"Sales";"Analyst";"";"D";"";"123-456-7890"
"Eve";25;50000;"";"Marketing";"Manager";"";"B";"";""
"Bob";30;0;"";"HR";"Assistant";"";"A";"email@example.c";"098-765-4321"
"David";35;0;"";"Sales";"Assistant";"";"F";"user@domain.com";"098-765-4321"
"Grace";50;50000;"";"IT";"Director";"";"C";"";"555-555-5555"
"Hannah";30;70000;"";"Marketing";"Manager";"";"D";"";"098-765-4321"
"Charlie";30;50000;"";"Sales";"Assistant";"";"D";"user@domain.com";"098-765-4321"
"Alice";35;65000;"";"Marketing";"Manager";"";"D";"";"098-765-4321"
"David";30;55000;"";"Marketing";"Manager";"";"C";"";"098-765-4321"
"Bob";35;70000;"";"IT";"Director";"";"A";"";"098-765-4321"
"Hannah";25;600000;"";"Finance";"Manager";"";"B";"";""
"David";35;65000;"";"Sales";"Analyst";"";"A";"user@domain.com";"123-456-7890"
"Bob";35;70000;"";"IT";"Analyst";"";"B";"email@example.c";""
"Frank";0;50000;"";"Marketing";"Clerk";"";"D";"";"098-765-4321"
"Frank";35;50000;"";"IT";"Director";"";"A";"email@example.c";""
"Jack";35;50000;"";"Finance";"Clerk";"";"D";"user@domain.com";""
"David";50;50000;"";"Sales";"Analyst";"";"F";"user@domain.com";""
"Frank";25;600000;"";"Finance";"Clerk";"";"D";"";"098-765-4321"
"Bob";0;65000;"";"HR";"Director";"";"D";"";""
"Jack";50;0;"";"Sales";"Director";"";"B";"name@company.or";"098-765-4321"
"Bob";40;55000;"";"Finance";"Manager";"";"F";"user@domain.com";"555-555-5555"
"Jack";25;600000;"";"Marketing";"Assistant";"";"D";"";"555-555-5555"
"David";25;600000;"";"Sales";"Manager";"";"D";"email@example.c";"555-555-5555"
"Hannah";40;0;"";"Sales";"Director";"";"F";"";""
"Grace";35;0;"";"IT";"Analyst";"";"F";"email@example.c";"555-555-5555"
"Ivy";50;55000;"";"Marketing";"Analyst";"";"A";"user@domain.com";""
"Hannah";30;55000;"";"HR";"Manager";"";"B";"user@domain.com";""
"Eve";0;0;"";"Finance";"Director";"";"F";"email@example.c";""
"Bob";30;50000;"";"IT";"Analyst";"";"F";"user@domain.com";"098-765-4321"
"Eve";40;600000;"";"Finance";"Director";"";"C";"";"123-456-7890"
"Hannah";25;70000;"";"HR";"Analyst";"";"F";"user@domain.com";"098-765-4321"
"Jack";25;55000;"";"HR";"Director";"";"B";"";"098-765-4321"
"Ivy";0;55000;"";"Sales";"Clerk";"";"D";"";"098-765-4321"
"Ivy";25;0;"";"HR";"Director";"";"D";"name@company.or";"098-765-4321"
"Alice";25;65000;"";"Finance";"Director";"";"D";"user@domain.com";"123-456-7890"
"Ivy";0;70000;"";"Marketing";"Manager";"";"D";"user@domain.com";"555-555-5555"
"Grace";50;70000;"";"Marketing";"Clerk";"";"C";"";"098-765-4321"
"Ivy";50;55000;"";"Sales";"Assistant";"";"F";"";""
"Hannah";0;50000;"";"Finance";"Manager";"";"D";"email@example.c";""
"Alice";40;65000;"";"Finance";"Assistant";"";"A";"email@example.c";""
"Hannah";25;70000;"";"HR";"Analyst";"";"D";"email@example.c";""
"Hannah";25;55000;"";"Finance";"Assistant";"";"F";"";"098-765-4321"
"Charlie";40;70000;"";"IT";"Director";"";"D";"email@example.c";"123-456-7890"
"Alice";50;65000;"";"HR";"Assistant";"";"C";"email@example.c";"555-555-5555"
"Hannah";35;65000;"";"IT";"Manager";"";"B";"name@company.or";""
"Charlie";35;600000;"";"Sales";"Manager";"";"B";"email@example.c";"555-555-5555"
"Charlie";35;0;"";"Marketing";"Assistant";"";"F";"user@domain.com";"123-456-7890"
"Alice";50;0;"";"Sales";"Manager";"";"B";"";""
"Eve";50;55000;"";"Marketing";"Manager";"";"B";"";"555-555-5555"
"Jack";40;65000;"";"Sales";"Assistant";"";"A";"name@company.or";"123-456-7890"
"Grace";25;600000;"";"Finance";"Clerk";"";"F";"";"555-555-5555"
"Jack";40;600000;"";"IT";"Clerk";"";"F";"";"098-765-4321"
"Ivy";40;70000;"";"Marketing";"Analyst";"";"B";"user@domain.com";"123-456-7890"
"Grace";50;70000;"";"HR";"Manager";"";"B";"email@example.c";"555-555-5555"
"Ivy";35;600000;"";"IT";"Assistant";"";"B";"user@domain.com";"098-765-4321"
"Hannah";30;70000;"";"HR";"Manager";"";"C";"email@example.c";"098-765-4321"
"Bob";25;65000;"";"IT";"Director";"";"D";"email@example.c";"123-456-7890"
"Alice";50;50000;"";"IT";"Manager";"";"C";"";""
"Grace";35;65000;"";"Sales";"Manager";"";"F";"email@example.c";""
"Grace";30;600000;"";"Marketing";"Clerk";"";"A";"name@company.or";"123-456-7890"
"Hannah";30;600000;"";"Marketing";"Assistant";"";"D";"name@company.or";"098-765-4321"
"Eve";50;65000;"";"IT";"Manager";"";"A";"name@company.or";"098-765-4321"
"Charlie";0;70000;"";"Finance";"Clerk";"";"F";"";"123-456-7890"
"Hannah";25;70000;"";"Finance";"Analyst";"";"F";"user@domain.com";""
"Frank";30;0;"";"HR";"Clerk";"";"A";"";""
"Charlie";50;600000;"";"HR";"Clerk";"";"A";"email@example.c";"555-555-5555"
"Alice";50;55000;"";"Sales";"Clerk";"";"A";"";"123-456-7890"
"Charlie";35;0;"";"IT";"Manager";"";"F";"user@domain.com";""
"Eve";0;70000;"";"HR";"Manager";"";"B";"user@domain.com";""
"Charlie";25;65000;"";"HR";"Analyst";"";"A";"";"098-765-4321"
"Alice";40;70000;"";"IT";"Director";"";"D";"name@company.or";"555-555-5555"
"Eve";35;65000;"";"Sales";"Director";"";"F";"name@company.or";"123-456-7890"
"Jack";30;0;"";"HR";"Director";"";"C";"user@domain.com";"098-765-4321"
"Grace";30;600000;"";"Sales";"Analyst";"";"C";"";"098-765-4321"
"Grace";35;70000;"";"Marketing";"Director";"";"D";"";""
"Ivy";50;65000;"";"Sales";"Director";"";"B";"email@example.c";""
"Jack";30;600000;"";"Finance";"Clerk";"";"A";"name@company.or";"123-456-7890"
"Jack";0;55000;"";"Finance";"Manager";"";"F";"user@domain.com";"123-456-7890"
"Charlie";25;65000;"";"Sales";"Manager";"";"A";"";"123-456-7890"
"Grace";0;0;"";"Finance";"Clerk";"";"F";"name@company.or";"098-765-4321"
"Alice";30;55000;"";"Marketing";"Clerk";"";"C";"email@example.c";""
"David";40;55000;"";"IT";"Clerk";"";"A";"";"555-555-5555"
"David";25;50000;"";"Finance";"Manager";"";"D";"user@domain.com";"098-765-4321"
"Eve";25;70000;"";"Finance";"Director";"";"B";"name@company.or";"555-555-5555"
"Grace";35;65000;"";"Sales";"Clerk";"";"D";"";""
"Grace";35;55000;"";"Marketing";"Analyst";"";"B";"email@example.c";""
"David";40;50000;"";"IT";"Clerk";"";"A";"email@example.c";"123-456-7890"
"Grace";50;0;"";"Sales";"Assistant";"";"A";"name@company.or";"555-555-5555"
"Charlie";25;600000;"";"Sales";"Clerk";"";"B";"";"098-765-4321"
"Frank";40;65000;"";"Marketing";"Manager";"";"C";"email@example.c";"555-555-5555"
"Bob";35;55000;"";"IT";"Clerk";"";"F";"user@domain.com";""
"Jack";35;70000;"";"Marketing";"Assistant";"";"D";"email@example.c";"123-456-7890"
"Ivy";25;50000;"";"IT";"Analyst";"";"D";"";"555-555-5555"
"Eve";0;55000;"";"Marketing";"Director";"";"D";"";""
"Frank";30;70000;"";"Sales";"Clerk";"";"A";"";"098-765-4321"
"David";35;55000;"";"Sales";"Assistant";"";"D";"name@company.or";""
"Jack";50;65000;"";"HR";"Assistant";"";"F";"";"098-765-4321"
"Grace";50;65000;"";"Finance";"Analyst";"";"F";"email@example.c";"123-456-7890"
"Ivy";35;65000;"";"Marketing";"Manager";"";"B";"email@example.c";"098-765-4321"
"Grace";0;0;"";"HR";"Clerk";"";"A";"";"098-765-4321"
"Alice";0;0;"";"Finance";"Assistant";"";"F";"";"098-765-4321"
"Alice";40;50000;"";"Marketing";"Analyst";"";"C";"user@domain.com";"098-765-4321"
"Ivy";50;65000;"";"IT";"Director";"";"A";"";"123-456-7890"
"Ivy";40;70000;"";"Finance";"Assistant";"";"A";"user@domain.com";""
"David";50;55000;"";"Sales";"Analyst";"";"F";"email@example.c";"555-555-5555"
"Ivy";30;600000;"";"HR";"Manager";"";"C";"user@domain.com";""
"Charlie";30;70000;"";"Finance";"Manager";"";"B";"user@domain.com";"555-555-5555"
"Grace";25;0;"";"Finance";"Assistant";"";"F";"name@company.or";"555-555-5555"
"Frank";40;0;"";"Sales";"Assistant";"";"C";"";""
"Hannah";35;70000;"";"Marketing";"Clerk";"";"A";"user@domain.com";"123-456-7890"
"Ivy";40;0;"";"IT";"Analyst";"";"C";"email@example.c";""
"Eve";35;65000;"";"Sales";"Assistant";"";"A";"";"123-456-7890"
"Alice";0;50000;"";"IT";"Clerk";"";"F";"user@domain.com";"555-555-5555"
"Charlie";40;55000;"";"Marketing";"Clerk";"";"F";"";"123-456-7890"
"Jack";0;50000;"";"Finance";"Assistant";"";"D";"name@company.or";""
"Hannah";30;55000;"";"IT";"Manager";"";"D";"email@example.c";""
"Frank";30;55000;"";"HR";"Analyst";"";"D";"name@company.or";""
"Hannah";25;50000;"";"HR";"Analyst";"";"F";"";"555-555-5555"
"Ivy";40;70000;"";"Sales";"Manager";"";"B";"user@domain.com";""
"David";0;55000;"";"Marketing";"Assistant";"";"F";"user@domain.com";"555-555-5555"
"Alice";35;50000;"";"Sales";"Analyst";"";"C";"";""
"Alice";30;55000;"";"Sales";"Assistant";"";"F";"user@domain.com";"555-555-5555"
"Jack";30;600000;"";"Sales";"Assistant";"";"F";"email@example.c";""
"David";35;70000;"";"HR";"Clerk";"";"A";"";""
"Grace";0;65000;"";"HR";"Manager";"";"A";"name@company.or";"555-555-5555"
"Bob";0;55000;"";"Sales";"Assistant";"";"A";"";""
"Charlie";40;600000;"";"HR";"Director";"";"F";"user@domain.com";""
"Alice";40;65000;"";"Marketing";"Manager";"";"B";"name@company.or";"555-555-5555"
"Eve";50;65000;"";"Sales";"Analyst";"";"C";"";""
"Alice";50;55000;"";"HR";"Clerk";"";"C";"";""
"Hannah";25;50000;"";"IT";"Analyst";"";"B";"name@company.or";""
"Alice";30;55000;"";"Sales";"Analyst";"";"B";"name@company.or";""
"Alice";40;600000;"";"Sales";"Manager";"";"C";"name@company.or";""
"Bob";0;65000;"";"Marketing";"Analyst";"";"D";"email@example.c";"555-555-5555"
"Bob";35;55000;"";"Finance";"Assistant";"";"A";"";""
"Frank";0;50000;"";"Finance";"Analyst";"";"A";"name@company.or";""
"Grace";30;55000;"";"Marketing";"Clerk";"";"C";"";"123-456-7890"
"Eve";50;70000;"";"Marketing";"Clerk";"";"B";"name@company.or";""
"Alice";0;50000;"";"Marketing";"Director";"";"D";"";""
"Alice";25;600000;"";"Finance";"Clerk";"";"C";"";"123-456-7890"
"Charlie";30;65000;"";"Marketing";"Analyst";"";"A";"";""
"Bob";50;55000;"";"HR";"Clerk";"";"F";"user@domain.com";"098-765-4321"
"Eve";35;50000;"";"Sales";"Manager";"";"B";"name@company.or";"098-765-4321"
"Jack";50;70000;"";"Sales";"Clerk";"";"F";"user@domain.com";""
"Frank";25;50000;"";"IT";"Assistant";"";"C";"";""
"Grace";30;0;"";"IT";"Manager";"";"A";"user@domain.com";"098-765-4321"
"David";35;70000;"";"Sales";"Director";"";"D";"";"555-555-5555"
"Grace";25;600000;"";"HR";"Assistant";"";"F";"";"555-555-5555"
"Hannah";50;65000;"";"Finance";"Analyst";"";"D";"";"123-456-7890"
"Alice";25;600000;"";"Finance";"Analyst";"";"A";"user@domain.com";""
"Frank";30;55000;"";"HR";"Analyst";"";"F";"name@company.or";""
"Hannah";40;50000;"";"Finance";"Assistant";"";"D";"user@domain.com";"098-765-4321"
"Eve";25;0;"";"Marketing";"Assistant";"";"D";"name@company.or";""
"David";25;70000;"";"Sales";"Assistant";"";"F";"name@company.or";""
"Bob";50;70000;"";"Sales";"Manager";"";"A";"";"098-765-4321"
"Frank";50;50000;"";"HR";"Manager";"";"D";"user@domain.com";"098-765-4321"
"Frank";35;0;"";"Finance";"Analyst";"";"C";"name@company.or";""
"Alice";50;50000;"";"IT";"Clerk";"";"F";"";"098-765-4321"
"Ivy";0;55000;"";"IT";"Analyst";"";"B";"name@company.or";"123-456-7890"
"Frank";30;600000;"";"Finance";"Director";"";"B";"";"123-456-7890"
"Charlie";30;70000;"";"IT";"Manager";"";"A";"user@domain.com";""
"David";40;55000;"";"HR";"Assistant";"";"C";"user@domain.com";""
"David";40;600000;"";"HR";"Manager";"";"D";"user@domain.com";"123-456-7890"
"Charlie";30;55000;"";"Finance";"Assistant";"";"B";"name@company.or";"123-456-7890"
"Jack";40;0;"";"IT";"Director";"";"A";"email@example.c";""
"Charlie";35;70000;"";"HR";"Director";"";"C";"name@company.or";"555-555-5555"
"Charlie";50;50000;"";"HR";"Manager";"";"C";"name@company.or";"098-765-4321"
"David";30;50000;"";"Marketing";"Assistant";"";"A";"";"123-456-7890"
"Grace";40;600000;"";"Marketing";"Director";"";"A";"";"555-555-5555"
"David";30;65000;"";"HR";"Analyst";"";"D";"name@company.or";""
"Ivy";0;0;"";"Finance";"Analyst";"";"A";"";"555-555-5555"
"Alice";25;600000;"";"Sales";"Assistant";"";"D";"";""
"Hannah";50;65000;"";"Sales";"Manager";"";"D";"name@company.or";""
"Grace";30;55000;"";"HR";"Director";"";"F";"email@example.c";""
"Bob";25;0;"";"HR";"Manager";"";"C";"";"555-555-5555"
"Hannah";40;55000;"";"HR";"Analyst";"";"C";"user@domain.com";""
"Alice";25;70000;"";"Finance";"Director";"";"C";"name@company.or";"123-456-7890"
"Ivy";50;0;"";"Marketing";"Manager";"";"F";"name@company.or";"555-555-5555"
"Ivy";30;65000;"";"HR";"Clerk";"";"D";"";"123-456-7890"
"Bob";0;70000;"";"HR";"Assistant";"";"D";"";"555-555-5555"
"Grace";40;50000;"";"IT";"Assistant";"";"A";"";"123-456-7890"
"Jack";30;65000;"";"Finance";"Clerk";"";"F";"";"555-555-5555"
"Charlie";50;600000;"";"HR";"Analyst";"";"A";"user@domain.com";""
"Grace";40;50000;"";"IT";"Director";"";"F";"";"098-765-4321"
"Jack";35;50000;"";"Sales";"Assistant";"";"A";"";""
"Ivy";25;600000;"";"HR";"Clerk";"";"B";"";"123-456-7890"
"David";50;0;"";"HR";"Clerk";"";"C";"";""
"Alice";35;50000;"";"IT";"Analyst";"";"C";"email@example.c";""
"Bob";30;65000;"";"Finance";"Analyst";"";"D";"email@example.c";"098-765-4321"
"Alice";0;70000;"";"HR";"Manager";"";"B";"name@company.or";"123-456-7890"
"Eve";40;50000;"";"Sales";"Assistant";"";"C";"name@company.or";""
"Eve";25;65000;"";"HR";"Manager";"";"D";"";"555-555-5555"
"Grace";40;55000;"";"Sales";"Clerk";"";"B";"";""
"Ivy";30;65000;"";"Marketing";"Director";"";"C";"user@domain.com";"123-456-7890"
"Ivy";40;70000;"";"Marketing";"Director";"";"A";"user@domain.com";""
"Charlie";25;65000;"";"Sales";"Analyst";"";"F";"email@example.c";"123-456-7890"
"Charlie";30;600000;"";"Finance";"Director";"";"B";"name@company.or";"555-555-5555"
"Charlie";40;70000;"";"HR";"Director";"";"D";"email@example.c";"098-765-4321"
"David";0;0;"";"HR";"Director";"";"B";"email@example.c";""
"Hannah";50;55000;"";"Marketing";"Clerk";"";"D";"name@company.or";"123-456-7890"
"Frank";30;600000;"";"Sales";"Director";"";"B";"user@domain.com";"123-456-7890"
"Hannah";50;0;"";"HR";"Director";"";"D";"name@company.or";"123-456-7890"
"Alice";30;65000;"";"HR";"Director";"";"C";"";"098-765-4321"
"Hannah";0;70000;"";"Finance";"Manager";"";"A";"";"123-456-7890"
"David";50;55000;"";"IT";"Clerk";"";"C";"";""
"Alice";35;600000;"";"Marketing";"Analyst";"";"A";"";""
"Hannah";25;0;"";"Marketing";"Manager";"";"C";"user@domain.com";"123-456-7890"
"David";35;0;"";"IT";"Assistant";"";"C";"user@domain.com";""
"Frank";40;55000;"";"HR";"Clerk";"";"B";"";""
"Hannah";0;65000;"";"Finance";"Clerk";"";"F";"email@example.c";""
"David";35;55000;"";"Finance";"Assistant";"";"D";"";"123-456-7890"
"Charlie";30;0;"";"Marketing";"Assistant";"";"D";"";"555-555-5555"
"Ivy";40;50000;"";"Finance";"Assistant";"";"D";"email@example.c";""
"Charlie";40;600000;"";"IT";"Analyst";"";"A";"name@company.or";"098-765-4321"
"Ivy";35;55000;"";"HR";"Director";"";"D";"name@company.or";"123-456-7890"
"Bob";35;0;"";"IT";"Clerk";"";"D";"user@domain.com";"098-765-4321"
"Bob";0;65000;"";"Sales";"Director";"";"B";"";"555-555-5555"
"Bob";25;0;"";"Marketing";"Director";"";"C";"user@domain.com";"098-765-4321"
"Frank";35;65000;"";"Finance";"Assistant";"";"D";"name@company.or";"123-456-7890"
"Charlie";35;55000;"";"Sales";"Analyst";"";"F";"email@example.c";"123-456-7890"
"Ivy";50;65000;"";"Finance";"Manager";"";"D";"user@domain.com";"555-555-5555"
"David";30;70000;"";"HR";"Analyst";"";"A";"";"123-456-7890"
"Alice";50;70000;"";"HR";"Director";"";"A";"";"555-555-5555"
"David";50;70000;"";"HR";"Analyst";"";"A";"email@example.c";"555-555-5555"
"Alice";40;50000;"";"Finance";"Assistant";"";"D";"name@company.or";"123-456-7890"
"Eve";25;55000;"";"Sales";"Manager";"";"B";"";""
"David";30;0;"";"HR";"Assistant";"";"F";"";"555-555-5555"
"Hannah";0;0;"";"Sales";"Manager";"";"D";"";"123-456-7890"
"Hannah";0;50000;"";"Finance";"Director";"";"B";"user@domain.com";""
"Grace";35;65000;"";"Sales";"Manager";"";"B";"name@company.or";"555-555-5555"
"Charlie";35;50000;"";"Finance";"Manager";"";"D";"user@domain.com";""
"Alice";0;65000;"";"Finance";"Manager";"";"D";"name@company.or";""
"Alice";35;65000;"";"Marketing";"Analyst";"";"B";"";""
"Charlie";25;600000;"";"Finance";"Analyst";"";"B";"";""
"Frank";50;0;"";"Finance";"Director";"";"B";"user@domain.com";"555-555-5555"
"Grace";35;70000;"";"IT";"Manager";"";"D";"";"123-456-7890"
"Frank";40;65000;"";"HR";"Clerk";"";"B";"name@company.or";"098-765-4321"
"Frank";35;600000;"";"Marketing";"Director";"";"A";"user@domain.com";"123-456-7890"
"Frank";30;0;"";"Marketing";"Manager";"";"D";"user@domain.com";"098-765-4321"
"Charlie";25;70000;"";"Marketing";"Manager";"";"A";"";"098-765-4321"
"Frank";30;65000;"";"IT";"Analyst";"";"C";"user@domain.com";"555-555-5555"
"Hannah";30;65000;"";"Finance";"Director";"";"D";"";""
"Bob";40;50000;"";"HR";"Manager";"";"C";"";"123-456-7890"
"Eve";25;50000;"";"Sales";"Manager";"";"B";"";""
"Alice";25;0;"";"Finance";"Director";"";"B";"name@company.or";""
"Alice";25;70000;"";"IT";"Clerk";"";"F";"";"555-555-5555"
"Eve";25;65000;"";"Finance";"Director";"";"B";"";"555-555-5555"
"Charlie";25;0;"";"Finance";"Director";"";"C";"email@example.c";""
"David";40;0;"";"IT";"Clerk";"";"B";"email@example.c";"123-456-7890"
"Charlie";35;55000;"";"Marketing";"Director";"";"D";"user@domain.com";""
"Alice";30;50000;"";"Marketing";"Manager";"";"B";"user@domain.com";"123-456-7890"
"Alice";25;70000;"";"HR";"Director";"";"F";"email@example.c";"098-765-4321"
"Eve";35;65000;"";"HR";"Clerk";"";"B";"";"555-555-5555"
"Frank";35;0;"";"Marketing";"Assistant";"";"C";"user@domain.com";"123-456-7890"
"Charlie";30;65000;"";"Sales";"Director";"";"C";"";""
"Ivy";40;55000;"";"Finance";"Analyst";"";"B";"";""
"Eve";0;70000;"";"Sales";"Manager";"";"C";"";"555-555-5555"
"Hannah";0;0;"";"Finance";"Manager";"";"C";"user@domain.com";""
"Alice";35;65000;"";"Marketing";"Analyst";"";"F";"";""
"Eve";50;50000;"";"HR";"Analyst";"";"D";"user@domain.com";"123-456-7890"
"Charlie";50;55000;"";"HR";"Director";"";"F";"user@domain.com";""
"Alice";30;70000;"";"Sales";"Analyst";"";"A";"";"555-555-5555"
"David";0;55000;"";"HR";"Assistant";"";"F";"email@example.c";"123-456-7890"
"Eve";35;50000;"";"Marketing";"Clerk";"";"B";"";"098-765-4321"
"Grace";40;70000;"";"Sales";"Analyst";"";"D";"";""
"Alice";0;55000;"";"Finance";"Analyst";"";"B";"name@company.or";""
"Charlie";35;600000;"";"HR";"Assistant";"";"A";"";"123-456-7890"
"Bob";35;50000;"";"IT";"Manager";"";"D";"user@domain.com";""
"Ivy";25;50000;"";"HR";"Manager";"";"C";"user@domain.com";""
"Jack";40;50000;"";"Finance";"Director";"";"F";"";"555-555-5555"
"Frank";25;600000;"";"Sales";"Assistant";"";"B";"name@company.or";""
"Jack";30;600000;"";"Finance";"Clerk";"";"A";"";"098-765-4321"
"Charlie";25;65000;"";"IT";"Clerk";"";"C";"name@company.or";""
"Hannah";25;0;"";"Marketing";"Assistant";"";"F";"name@company.or";""
"Hannah";0;55000;"";"HR";"Clerk";"";"C";"";""
"Bob";50;65000;"";"Sales";"Manager";"";"F";"user@domain.com";"123-456-7890"
"Frank";35;55000;"";"Marketing";"Clerk";"";"D";"user@domain.com";""
"Grace";40;0;"";"Finance";"Clerk";"";"C";"name@company.or";""
"Bob";25;600000;"";"Sales";"Assistant";"";"C";"user@domain.com";"123-456-7890"
"Jack";40;0;"";"Marketing";"Assistant";"";"C";"email@example.c";"555-555-5555"
"Bob";50;600000;"";"Sales";"Clerk";"";"D";"name@company.or";"123-456-7890"
"Jack";50;0;"";"IT";"Analyst";"";"A";"user@domain.com";"098-765-4321"
"Alice";25;65000;"";"IT";"Assistant";"";"F";"email@example.c";"123-456-7890"
"Hannah";30;70000;"";"HR";"Director";"";"C";"";"555-555-5555"
"Alice";25;65000;"";"HR";"Director";"";"D";"user@domain.com";""
"Ivy";0;55000;"";"IT";"Manager";"";"A";"email@example.c";"123-456-7890"
"Frank";35;65000;"";"Sales";"Clerk";"";"F";"";"123-456-7890"
"Grace";30;50000;"";"IT";"Analyst";"";"D";"";"123-456-7890"
"Jack";25;55000;"";"HR";"Manager";"";"F";"email@example.c";"123-456-7890"
"Grace";40;0;"";"IT";"Clerk";"";"C";"name@company.or";"555-555-5555"
"Jack";30;55000;"";"IT";"Assistant";"";"A";"name@company.or";""
"Charlie";30;70000;"";"Sales";"Director";"";"D";"user@domain.com";""
"Bob";25;600000;"";"Marketing";"Analyst";"";"A";"";"123-456-7890"
"Ivy";30;0;"";"HR";"Director";"";"C";"name@company.or";"555-555-5555"
"Hannah";40;55000;"";"Sales";"Assistant";"";"A";"name@company.or";"555-555-5555"
"Jack";50;0;"";"IT";"Clerk";"";"A";"";"123-456-7890"
"Grace";30;0;"";"IT";"Assistant";"";"B";"";"098-765-4321"
"Ivy";50;0;"";"Marketing";"Assistant";"";"A";"name@company.or";"123-456-7890"
"David";40;600000;"";"HR";"Director";"";"F";"email@example.c";"098-765-4321"
"David";25;65000;"";"HR";"Analyst";"";"D";"user@domain.com";"123-456-7890"
"Alice";35;0;"";"Finance";"Assistant";"";"B";"name@company.or";"098-765-4321"
"Hannah";30;50000;"";"HR";"Director";"";"D";"name@company.or";"098-765-4321"
"Charlie";35;70000;"";"Marketing";"Analyst";"";"D";"";"123-456-7890"
"Grace";40;600000;"";"Finance";"Clerk";"";"C";"email@example.c";"098-765-4321"
"Bob";30;55000;"";"Finance";"Clerk";"";"C";"user@domain.com";""
"Bob";50;600000;"";"IT";"Manager";"";"B";"name@company.or";""
"Grace";0;55000;"";"IT";"Director";"";"C";"user@domain.com";"555-555-5555"
"Frank";35;600000;"";"HR";"Analyst";"";"C";"";"098-765-4321"
"Charlie";30;55000;"";"Finance";"Assistant";"";"C";"name@company.or";"098-765-4321"
"Ivy";35;0;"";"IT";"Clerk";"";"D";"name@company.or";"555-555-5555"
"Jack";30;65000;"";"Marketing";"Analyst";"";"B";"";"098-765-4321"
"Frank";25;55000;"";"IT";"Director";"";"D";"";"555-555-5555"
"Jack";50;55000;"";"IT";"Manager";"";"F";"name@company.or";"123-456-7890"
"Jack";35;50000;"";"Finance";"Clerk";"";"D";"user@domain.com";""
"Frank";0;55000;"";"Finance";"Analyst";"";"F";"email@example.c";""
"Alice";0;50000;"";"Sales";"Analyst";"";"A";"user@domain.com";""
"David";40;70000;"";"Marketing";"Analyst";"";"A";"";"098-765-4321"
"Jack";30;0;"";"Finance";"Director";"";"F";"email@example.c";""
"Frank";35;50000;"";"HR";"Director";"";"F";"user@domain.com";"123-456-7890"
"Frank";40;65000;"";"Marketing";"Director";"";"D";"user@domain.com";""
"Eve";35;0;"";"Marketing";"Assistant";"";"F";"";"123-456-7890"
"Alice";30;50000;"";"Finance";"Analyst";"";"B";"";"123-456-7890"
"Hannah";0;0;"";"Marketing";"Clerk";"";"A";"";"098-765-4321"
"Eve";25;0;"";"Finance";"Director";"";"A";"email@example.c";"123-456-7890"
"Eve";0;0;"";"IT";"Director";"";"F";"";""
"Grace";40;70000;"";"Sales";"Analyst";"";"C";"";""
"David";50;65000;"";"IT";"Director";"";"C";"name@company.or";""
"Frank";25;600000;"";"Finance";"Assistant";"";"F";"name@company.or";"098-765-4321"
"David";40;600000;"";"Finance";"Assistant";"";"B";"email@example.c";""
"Charlie";30;50000;"";"IT";"Director";"";"C";"name@company.or";"555-555-5555"
"Grace";25;0;"";"HR";"Analyst";"";"F";"";""
"Hannah";40;50000;"";"HR";"Analyst";"";"B";"email@example.c";"555-555-5555"
"David";30;70000;"";"HR";"Analyst";"";"B";"";"555-555-5555"
"Bob";0;70000;"";"Finance";"Manager";"";"D";"email@example.c";"098-765-4321"
"Jack";50;55000;"";"Marketing";"Director";"";"B";"email@example.c";"123-456-7890"
"Charlie";30;70000;"";"Finance";"Analyst";"";"C";"user@domain.com";"555-555-5555"
"Alice";35;55000;"";"Marketing";"Assistant";"";"C";"user@domain.com";""
"Hannah";30;65000;"";"IT";"Clerk";"";"F";"email@example.c";"123-456-7890"
"Charlie";30;50000;"";"Sales";"Clerk";"";"F";"name@company.or";""
"Jack";50;65000;"";"Marketing";"Analyst";"";"B";"user@domain.com";""
"Grace";35;70000;"";"HR";"Clerk";"";"A";"";"123-456-7890"
"Jack";40;65000;"";"Finance";"Clerk";"";"D";"";"123-456-7890"
"Eve";40;65000;"";"IT";"Manager";"";"A";"user@domain.com";""
"Jack";30;65000;"";"HR";"Assistant";"";"B";"email@example.c";"098-765-4321"
"Eve";35;70000;"";"IT";"Assistant";"";"B";"name@company.or";""
"Grace";35;0;"";"Sales";"Manager";"";"A";"";""
"Ivy";50;65000;"";"Finance";"Manager";"";"D";"user@domain.com";"098-765-4321"
"Eve";0;55000;"";"Finance";"Clerk";"";"A";"name@company.or";"123-456-7890"
"Alice";40;70000;"";"Sales";"Director";"";"F";"name@company.or";""
"Jack";50;65000;"";"Finance";"Clerk";"";"C";"name@company.or";""
"Jack";25;0;"";"Marketing";"Manager";"";"F";"email@example.c";""
"Alice";40;70000;"";"IT";"Assistant";"";"C";"";"098-765-4321"
"Bob";50;600000;"";"HR";"Clerk";"";"B";"name@company.or";""
"Frank";40;0;"";"Sales";"Director";"";"D";"";"098-765-4321"
"Ivy";0;55000;"";"Marketing";"Clerk";"";"A";"user@domain.com";"123-456-7890"
"Hannah";25;65000;"";"HR";"Analyst";"";"D";"";"098-765-4321"
"Eve";0;600000;"";"HR";"Clerk";"";"A";"email@example.c";"098-765-4321"
"Alice";25;600000;"";"Sales";"Manager";"";"F";"email@example.c";""
"Grace";30;70000;"";"Marketing";"Assistant";"";"F";"";""
"Eve";50;600000;"";"HR";"Assistant";"";"A";"";""
"Frank";25;55000;"";"HR";"Manager";"";"D";"email@example.c";"555-555-5555"
"Grace";0;55000;"";"Marketing";"Analyst";"";"A";"email@example.c";"098-765-4321"
"Charlie";40;50000;"";"Finance";"Manager";"";"B";"";"555-555-5555"
"Jack";25;55000;"";"HR";"Clerk";"";"F";"email@example.c";""
"Charlie";50;0;"";"IT";"Manager";"";"B";"";""
"Eve";25;600000;"";"Marketing";"Manager";"";"F";"";""
"Frank";35;55000;"";"HR";"Analyst";"";"F";"";""
"Ivy";40;70000;"";"Sales";"Clerk";"";"C";"user@domain.com";""
"Eve";50;50000;"";"IT";"Director";"";"B";"";"123-456-7890"
"Alice";50;600000;"";"HR";"Director";"";"B";"";"098-765-4321"
"David";30;50000;"";"IT";"Assistant";"";"C";"user@domain.com";""
"Eve";0;600000;"";"IT";"Manager";"";"D";"name@company.or";""
"Jack";30;70000;"";"Finance";"Assistant";"";"B";"email@example.c";""
"Jack";50;50000;"";"IT";"Analyst";"";"A";"";""
"Eve";40;65000;"";"Finance";"Director";"";"C";"email@example.c";""
"Grace";25;0;"";"Marketing";"Manager";"";"B";"";"555-555-5555"
"David";25;0;"";"Finance";"Analyst";"";"D";"email@example.c";"098-765-4321"
"Alice";40;600000;"";"Sales";"Analyst";"";"B";"user@domain.com";"098-765-4321"
"Eve";50;65000;"";"HR";"Manager";"";"F";"email@example.c";"123-456-7890"
"Grace";25;50000;"";"Marketing";"Analyst";"";"A";"email@example.c";"123-456-7890"
"Jack";25;65000;"";"Marketing";"Manager";"";"C";"email@example.c";"123-456-7890"
"Jack";25;65000;"";"Sales";"Manager";"";"F";"name@company.or";"098-765-4321"
"Frank";0;50000;"";"Finance";"Clerk";"";"D";"name@company.or";"555-555-5555"
"Eve";0;70000;"";"HR";"Assistant";"";"F";"";"098-765-4321"
"David";35;65000;"";"Finance";"Analyst";"";"F";"user@domain.com";"098-765-4321"
"Bob";30;65000;"";"IT";"Analyst";"";"D";"email@example.c";"098-765-4321"
"David";40;70000;"";"Finance";"Clerk";"";"F";"email@example.c";"098-765-4321"
"Jack";40;65000;"";"Marketing";"Clerk";"";"C";"email@example.c";"555-555-5555"
"Jack";40;65000;"";"HR";"Clerk";"";"B";"email@example.c";"123-456-7890"
"Charlie";35;65000;"";"Finance";"Director";"";"F";"name@company.or";""
"Jack";0;0;"";"HR";"Director";"";"C";"";"123-456-7890"
"Alice";50;55000;"";"HR";"Director";"";"B";"";"123-456-7890"
"Hannah";50;70000;"";"IT";"Manager";"";"B";"user@domain.com";""
"Eve";35;65000;"";"IT";"Analyst";"";"F";"email@example.c";"098-765-4321"
"David";50;0;"";"Marketing";"Assistant";"";"C";"";"555-555-5555"
"Hannah";40;70000;"";"Sales";"Manager";"";"F";"";"555-555-5555"
"Grace";30;600000;"";"HR";"Analyst";"";"D";"";"123-456-7890"
"Bob";25;600000;"";"Sales";"Analyst";"";"B";"name@company.or";""
"Alice";0;65000;"";"Marketing";"Clerk";"";"F";"";""
"David";0;0;"";"HR";"Clerk";"";"B";"";"098-765-4321"
"Hannah";35;0;"";"HR";"Manager";"";"C";"name@company.or";"123-456-7890"
"Bob";0;70000;"";"Sales";"Clerk";"";"A";"";"555-555-5555"
"Charlie";40;70000;"";"Finance";"Analyst";"";"F";"";""
"Alice";50;0;"";"IT";"Clerk";"";"F";"";""
"Alice";40;70000;"";"Finance";"Director";"";"B";"name@company.or";"123-456-7890"
"Charlie";35;0;"";"Sales";"Clerk";"";"C";"email@example.c";""
"Eve";40;55000;"";"IT";"Analyst";"";"D";"user@domain.com";"555-555-5555"
"Charlie";50;0;"";"Finance";"Manager";"";"C";"";"123-456-7890"
"Alice";30;600000;"";"IT";"Assistant";"";"F";"name@company.or";""
"Alice";35;70000;"";"HR";"Clerk";"";"D";"";""
"Hannah";30;0;"";"Finance";"Analyst";"";"C";"name@company.or";"098-765-4321"
"Jack";25;0;"";"IT";"Assistant";"";"A";"user@domain.com";"555-555-5555"
"Bob";30;70000;"";"IT";"Assistant";"";"B";"user@domain.com";"555-555-5555"
"Charlie";25;55000;"";"IT";"Director";"";"C";"email@example.c";""
"Bob";25;55000;"";"Finance";"Assistant";"";"C";"email@example.c";"123-456-7890"
"Charlie";30;70000;"";"Marketing";"Analyst";"";"A";"user@domain.com";""
"Grace";35;50000;"";"Finance";"Analyst";"";"F";"";""
"Alice";50;70000;"";"Sales";"Clerk";"";"B";"";"098-765-4321"
"Jack";40;70000;"";"Finance";"Clerk";"";"C";"";"098-765-4321"
"Hannah";40;55000;"";"IT";"Clerk";"";"D";"email@example.c";"098-765-4321"
"Jack";50;55000;"";"HR";"Assistant";"";"C";"";""
"Jack";25;70000;"";"Finance";"Assistant";"";"B";"email@example.c";""
"Jack";25;70000;"";"Finance";"Director";"";"C";"user@domain.com";"555-555-5555"
"Bob";35;70000;"";"IT";"Clerk";"";"A";"";"123-456-7890"
"Charlie";0;55000;"";"HR";"Manager";"";"C";"";"555-555-5555"
"Ivy";30;70000;"";"HR";"Director";"";"C";"user@domain.com";""
"Grace";25;70000;"";"Sales";"Manager";"";"D";"";"555-555-5555"
"David";40;65000;"";"Finance";"Assistant";"";"A";"";""
"Jack";35;50000;"";"HR";"Director";"";"A";"name@company.or";"098-765-4321"
"Eve";30;600000;"";"HR";"Director";"";"C";"email@example.c";""
"Bob";35;50000;"";"Marketing";"Analyst";"";"D";"";""
"Hannah";30;65000;"";"Marketing";"Assistant";"";"C";"user@domain.com";"555-555-5555"
"David";30;600000;"";"HR";"Assistant";"";"C";"";""
"Ivy";50;70000;"";"Sales";"Director";"";"B";"";"555-555-5555"
"Eve";25;65000;"";"HR";"Assistant";"";"B";"email@example.c";"555-555-5555"
"Ivy";35;70000;"";"IT";"Director";"";"D";"name@company.or";""
"David";35;55000;"";"Finance";"Analyst";"";"F";"email@example.c";"555-555-5555"
"Jack";50;0;"";"Sales";"Director";"";"B";"";"098-765-4321"
"Eve";40;65000;"";"IT";"Assistant";"";"F";"";"555-555-5555"
"Ivy";40;55000;"";"Sales";"Assistant";"";"A";"";"098-765-4321"
"Hannah";25;65000;"";"IT";"Director";"";"B";"";""
"Charlie";25;65000;"";"Finance";"Director";"";"B";"user@domain.com";""
"Alice";0;55000;"";"Finance";"Director";"";"D";"name@company.or";"098-765-4321"
"Charlie";50;600000;"";"Marketing";"Clerk";"";"F";"";""
"David";40;50000;"";"IT";"Assistant";"";"B";"";""
"Bob";30;70000;"";"Marketing";"Assistant";"";"B";"";"098-765-4321"
"Alice";35;65000;"";"IT";"Clerk";"";"D";"name@company.or";""
"Grace";25;70000;"";"Marketing";"Director";"";"D";"email@example.c";"123-456-7890"
"Hannah";35;0;"";"Finance";"Analyst";"";"F";"name@company.or";""
"Grace";35;55000;"";"Sales";"Director";"";"A";"name@company.or";""
"Eve";0;70000;"";"Marketing";"Director";"";"A";"name@company.or";""
"Alice";40;55000;"";"IT";"Clerk";"";"C";"";""
"Grace";25;70000;"";"IT";"Assistant";"";"B";"";"555-555-5555"
"Grace";35;50000;"";"Finance";"Director";"";"F";"user@domain.com";""
"Ivy";25;50000;"";"IT";"Assistant";"";"B";"email@example.c";""
"Charlie";30;50000;"";"HR";"Manager";"";"F";"";"098-765-4321"
"Ivy";0;50000;"";"Sales";"Assistant";"";"F";"name@company.or";"123-456-7890"
"Alice";30;50000;"";"Marketing";"Analyst";"";"F";"email@example.c";"555-555-5555"
"Alice";25;50000;"";"Sales";"Analyst";"";"B";"email@example.c";"098-765-4321"
"David";25;55000;"";"Finance";"Director";"";"D";"user@domain.com";"123-456-7890"
"Ivy";40;65000;"";"Marketing";"Assistant";"";"B";"";"123-456-7890"
"Frank";35;70000;"";"Marketing";"Director";"";"F";"name@company.or";"123-456-7890"
"Charlie";35;50000;"";"HR";"Clerk";"";"C";"";"098-765-4321"
"Alice";30;55000;"";"Finance";"Analyst";"";"A";"user@domain.com";"555-555-5555"
"David";0;55000;"";"IT";"Director";"";"F";"";"555-555-5555"
"Ivy";50;55000;"";"HR";"Clerk";"";"C";"email@example.c";"123-456-7890"
"Charlie";35;65000;"";"HR";"Director";"";"D";"name@company.or";"098-765-4321"
"Ivy";40;70000;"";"Sales";"Assistant";"";"F";"";"123-456-7890"
"Grace";30;65000;"";"Sales";"Assistant";"";"C";"user@domain.com";""
"David";30;600000;"";"Sales";"Assistant";"";"F";"";"555-555-5555"
"Charlie";50;55000;"";"HR";"Assistant";"";"B";"email@example.c";""
"Jack";40;600000;"";"IT";"Manager";"";"C";"name@company.or";"123-456-7890"
"Eve";0;0;"";"Marketing";"Clerk";"";"B";"";""
"Eve";40;50000;"";"Sales";"Clerk";"";"B";"";"555-555-5555"
"Charlie";0;50000;"";"IT";"Assistant";"";"C";"email@example.c";"098-765-4321"
"Ivy";40;65000;"";"Finance";"Manager";"";"A";"";"555-555-5555"
"David";40;70000;"";"Sales";"Assistant";"";"C";"user@domain.com";"098-765-4321"
"Eve";25;600000;"";"Marketing";"Manager";"";"A";"";"098-765-4321"
"David";30;70000;"";"Finance";"Assistant";"";"F";"";"123-456-7890"
"Eve";40;65000;"";"Finance";"Analyst";"";"F";"";"123-456-7890"
"Grace";50;50000;"";"Marketing";"Analyst";"";"C";"email@example.c";"555-555-5555"
"Ivy";40;70000;"";"Sales";"Director";"";"F";"email@example.c";""
"Grace";35;70000;"";"HR";"Assistant";"";"D";"user@domain.com";"555-555-5555"
"Eve";30;50000;"";"Marketing";"Clerk";"";"B";"";""
"Jack";35;600000;"";"Marketing";"Director";"";"B";"email@example.c";"098-765-4321"
"Jack";30;50000;"";"Marketing";"Analyst";"";"A";"user@domain.com";"098-765-4321"
"Grace";35;70000;"";"Finance";"Assistant";"";"F";"user@domain.com";"123-456-7890"
"Jack";40;600000;"";"IT";"Director";"";"A";"";""
"Eve";40;600000;"";"HR";"Assistant";"";"B";"name@company.or";"123-456-7890"
"Charlie";25;50000;"";"Sales";"Analyst";"";"B";"";""
"Grace";50;70000;"";"Sales";"Director";"";"F";"name@company.or";"555-555-5555"
"Bob";35;65000;"";"IT";"Analyst";"";"D";"user@domain.com";"555-555-5555"
"Ivy";0;70000;"";"Marketing";"Manager";"";"D";"email@example.c";""
"Jack";25;55000;"";"HR";"Analyst";"";"F";"";"123-456-7890"
"Jack";35;0;"";"Sales";"Assistant";"";"F";"user@domain.com";"123-456-7890"
"Alice";35;65000;"";"Sales";"Clerk";"";"A";"email@example.c";""
"Frank";25;600000;"";"Marketing";"Analyst";"";"F";"user@domain.com";"555-555-5555"
"Grace";40;65000;"";"IT";"Clerk";"";"D";"";"123-456-7890"
"Hannah";35;600000;"";"HR";"Manager";"";"F";"name@company.or";""
"Jack";40;600000;"";"IT";"Director";"";"A";"user@domain.com";"555-555-5555"
"Ivy";25;65000;"";"IT";"Director";"";"A";"email@example.c";""
"Bob";40;600000;"";"HR";"Clerk";"";"A";"";""
"Jack";30;600000;"";"HR";"Director";"";"A";"";"098-765-4321"
"Bob";0;55000;"";"Sales";"Analyst";"";"C";"";""
"Eve";35;70000;"";"Sales";"Clerk";"";"F";"name@company.or";""
"Eve";50;70000;"";"HR";"Assistant";"";"B";"";"123-456-7890"
"Frank";0;0;"";"Finance";"Analyst";"";"F";"";"098-765-4321"
"Charlie";40;0;"";"Sales";"Analyst";"";"C";"email@example.c";""
"Hannah";35;55000;"";"Finance";"Analyst";"";"A";"user@domain.com";"123-456-7890"
"Alice";40;0;"";"HR";"Assistant";"";"C";"name@company.or";"098-765-4321"
"Frank";30;65000;"";"Sales";"Manager";"";"D";"";"555-555-5555"
"David";25;50000;"";"IT";"Director";"";"D";"name@company.or";"123-456-7890"
"Alice";35;50000;"";"HR";"Clerk";"";"F";"";""
"Grace";30;50000;"";"Marketing";"Manager";"";"F";"name@company.or";""
"Ivy";30;55000;"";"Finance";"Clerk";"";"B";"";"098-765-4321"
"David";35;55000;"";"HR";"Director";"";"B";"user@domain.com";"123-456-7890"
"David";40;600000;"";"HR";"Assistant";"";"D";"user@domain.com";"555-555-5555"
"Frank";50;50000;"";"Sales";"Analyst";"";"A";"name@company.or";""
"Charlie";30;65000;"";"Sales";"Analyst";"";"C";"email@example.c";""
"Frank";0;0;"";"Sales";"Assistant";"";"B";"name@company.or";"123-456-7890"
"Grace";30;65000;"";"Marketing";"Manager";"";"B";"";"555-555-5555"
"Jack";50;0;"";"Sales";"Manager";"";"A";"user@domain.com";"098-765-4321"
"Jack";40;50000;"";"HR";"Clerk";"";"A";"user@domain.com";"123-456-7890"
"Charlie";40;50000;"";"Sales";"Assistant";"";"F";"user@domain.com";"098-765-4321"
"Grace";0;50000;"";"IT";"Manager";"";"C";"email@example.c";""
"Charlie";30;55000;"";"Sales";"Assistant";"";"A";"email@example.c";"098-765-4321"
"Bob";40;0;"";"Marketing";"Director";"";"B";"";"555-555-5555"
"Jack";50;55000;"";"IT";"Analyst";"";"B";"name@company.or";""
"David";35;55000;"";"HR";"Analyst";"";"D";"name@company.or";"555-555-5555"
"Hannah";25;70000;"";"HR";"Analyst";"";"A";"";"098-765-4321"
"Ivy";25;65000;"";"Finance";"Assistant";"";"F";"user@domain.com";"123-456-7890"
"Grace";25;65000;"";"IT";"Assistant";"";"C";"email@example.c";""
"Alice";30;600000;"";"Finance";"Clerk";"";"F";"";""
"Charlie";0;55000;"";"IT";"Analyst";"";"B";"";"123-456-7890"
"Ivy";40;0;"";"IT";"Clerk";"";"F";"email@example.c";"123-456-7890"
"Alice";35;70000;"";"Marketing";"Analyst";"";"B";"name@company.or";"555-555-5555"
"Ivy";50;70000;"";"Finance";"Clerk";"";"B";"user@domain.com";"098-765-4321"
"Hannah";35;65000;"";"Marketing";"Clerk";"";"B";"name@company.or";"555-555-5555"
"Alice";50;55000;"";"IT";"Director";"";"B";"";"098-765-4321"
"Frank";30;600000;"";"HR";"Clerk";"";"B";"user@domain.com";"555-555-5555"
"Eve";25;55000;"";"IT";"Assistant";"";"D";"";"123-456-7890"
"Frank";30;50000;"";"Marketing";"Clerk";"";"F";"";""
"Jack";0;55000;"";"Finance";"Analyst";"";"D";"name@company.or";"098-765-4321"
"Eve";0;50000;"";"Finance";"Clerk";"";"D";"name@company.or";""
"Frank";50;50000;"";"Marketing";"Manager";"";"A";"name@company.or";""
"Eve";40;600000;"";"Finance";"Analyst";"";"A";"email@example.c";"123-456-7890"
"Eve";40;0;"";"Sales";"Manager";"";"A";"";"555-555-5555"
"David";50;65000;"";"HR";"Analyst";"";"C";"user@domain.com";"555-555-5555"
"Charlie";0;55000;"";"HR";"Assistant";"";"A";"name@company.or";"123-456-7890"
"Charlie";0;50000;"";"HR";"Assistant";"";"F";"name@company.or";""
"David";0;55000;"";"Finance";"Assistant";"";"D";"email@example.c";""
"Ivy";30;0;"";"Finance";"Manager";"";"F";"user@domain.com";"555-555-5555"
"Bob";0;65000;"";"IT";"Director";"";"A";"";"098-765-4321"
"Ivy";35;0;"";"IT";"Analyst";"";"C";"";""
"Alice";25;65000;"";"HR";"Assistant";"";"C";"email@example.c";"098-765-4321"
"Alice";0;70000;"";"Sales";"Analyst";"";"D";"";""
"Eve";50;65000;"";"IT";"Manager";"";"F";"";"098-765-4321"
"Frank";25;600000;"";"IT";"Director";"";"B";"name@company.or";""
"Frank";30;0;"";"Finance";"Manager";"";"F";"name@company.or";"098-765-4321"
"Charlie";50;50000;"";"Sales";"Analyst";"";"A";"user@domain.com";"098-765-4321"
"Grace";25;70000;"";"HR";"Director";"";"B";"";"098-765-4321"
"Ivy";50;600000;"";"IT";"Director";"";"C";"name@company.or";"098-765-4321"
"Jack";30;55000;"";"Sales";"Manager";"";"D";"name@company.or";"123-456-7890"
"Hannah";35;0;"";"Sales";"Assistant";"";"D";"user@domain.com";""
"Frank";30;50000;"";"HR";"Analyst";"";"C";"";""
"Hannah";30;65000;"";"Sales";"Clerk";"";"A";"name@company.or";""
"Eve";50;50000;"";"Sales";"Clerk";"";"C";"email@example.c";"123-456-7890"
"Hannah";40;55000;"";"Sales";"Manager";"";"A";"email@example.c";"123-456-7890"
"Jack";0;70000;"";"IT";"Analyst";"";"B";"";"123-456-7890"
"David";0;70000;"";"HR";"Analyst";"";"C";"";"123-456-7890"
"Jack";35;0;"";"Sales";"Manager";"";"A";"user@domain.com";"098-765-4321"
"Hannah";35;70000;"";"Sales";"Analyst";"";"B";"email@example.c";""
"Jack";0;0;"";"IT";"Assistant";"";"C";"email@example.c";"555-555-5555"
"Bob";40;0;"";"HR";"Manager";"";"D";"";""
"Eve";0;0;"";"Finance";"Assistant";"";"C";"";"123-456-7890"
"Ivy";40;65000;"";"IT";"Analyst";"";"F";"";""
"David";35;600000;"";"HR";"Manager";"";"C";"";"123-456-7890"
"Frank";25;0;"";"Sales";"Analyst";"";"F";"email@example.c";"123-456-7890"
"Alice";50;0;"";"HR";"Manager";"";"B";"user@domain.com";"123-456-7890"
"Ivy";35;600000;"";"HR";"Analyst";"";"C";"email@example.c";"123-456-7890"
"Alice";35;50000;"";"HR";"Assistant";"";"B";"";"123-456-7890"
"Eve";30;0;"";"Finance";"Assistant";"";"B";"email@example.c";""
"David";30;65000;"";"HR";"Analyst";"";"A";"user@domain.com";""
"Charlie";30;70000;"";"Finance";"Manager";"";"B";"name@company.or";"123-456-7890"
"Frank";50;70000;"";"Sales";"Clerk";"";"B";"email@example.c";"123-456-7890"
"Bob";30;55000;"";"Finance";"Assistant";"";"C";"";"123-456-7890"
"Charlie";40;55000;"";"Sales";"Assistant";"";"C";"name@company.or";"123-456-7890"
"Eve";0;70000;"";"Sales";"Clerk";"";"D";"";"098-765-4321"
"Ivy";25;70000;"";"Finance";"Analyst";"";"A";"";"098-765-4321"
"Bob";35;65000;"";"IT";"Manager";"";"B";"";"555-555-5555"
"Jack";40;600000;"";"Marketing";"Analyst";"";"A";"email@example.c";"123-456-7890"
"Hannah";25;55000;"";"HR";"Director";"";"F";"";"555-555-5555"
"Bob";40;600000;"";"Marketing";"Assistant";"";"B";"name@company.or";""
"Eve";40;65000;"";"HR";"Director";"";"A";"user@domain.com";"555-555-5555"
"Grace";35;70000;"";"HR";"Assistant";"";"D";"";""
"Hannah";0;0;"";"Sales";"Assistant";"";"D";"email@example.c";"098-765-4321"
"Alice";30;600000;"";"HR";"Director";"";"B";"";"098-765-4321"
"Frank";50;70000;"";"HR";"Director";"";"F";"user@domain.com";"123-456-7890"
"Alice";0;70000;"";"Finance";"Analyst";"";"D";"name@company.or";"123-456-7890"
"Bob";50;50000;"";"Marketing";"Director";"";"D";"";""
"Alice";35;600000;"";"Finance";"Analyst";"";"F";"";""
"Eve";35;0;"";"HR";"Analyst";"";"A";"user@domain.com";""
"Jack";35;600000;"";"Sales";"Analyst";"";"D";"email@example.c";"123-456-7890"
"Ivy";25;70000;"";"Finance";"Assistant";"";"C";"name@company.or";"123-456-7890"
"Frank";50;0;"";"Finance";"Assistant";"";"D";"user@domain.com";""
"Alice";0;65000;"";"IT";"Director";"";"A";"";""
"Alice";0;50000;"";"HR";"Assistant";"";"A";"name@company.or";""
"Bob";40;70000;"";"Sales";"Director";"";"B";"";"098-765-4321"
"Ivy";40;55000;"";"Finance";"Assistant";"";"C";"user@domain.com";"555-555-5555"
"Charlie";40;55000;"";"Finance";"Manager";"";"A";"";"555-555-5555"
"Alice";35;50000;"";"Sales";"Manager";"";"F";"";"123-456-7890"
"Eve";0;65000;"";"HR";"Director";"";"C";"";"098-765-4321"
"Grace";50;70000;"";"IT";"Assistant";"";"C";"email@example.c";""
"Frank";35;600000;"";"Finance";"Assistant";"";"F";"";"123-456-7890"
"Alice";25;50000;"";"IT";"Analyst";"";"D";"";"098-765-4321"
"Eve";40;65000;"";"Marketing";"Clerk";"";"F";"";""
"Eve";35;600000;"";"HR";"Director";"";"F";"name@company.or";"098-765-4321"
"Frank";35;55000;"";"Marketing";"Clerk";"";"D";"";"123-456-7890"
"Charlie";25;55000;"";"Marketing";"Clerk";"";"D";"";"555-555-5555"
"Eve";30;600000;"";"Marketing";"Director";"";"D";"user@domain.com";""
"Grace";0;50000;"";"HR";"Assistant";"";"D";"email@example.c";""
"Eve";50;55000;"";"HR";"Director";"";"D";"name@company.or";"098-765-4321"
"Eve";30;70000;"";"Sales";"Clerk";"";"F";"";"123-456-7890"
"Eve";40;0;"";"IT";"Assistant";"";"B";"user@domain.com";"123-456-7890"
"Jack";35;600000;"";"IT";"Manager";"";"B";"email@example.c";""
"Jack";25;600000;"";"Sales";"Director";"";"A";"name@company.or";"123-456-7890"
"Charlie";25;55000;"";"Sales";"Director";"";"B";"name@company.or";"123-456-7890"
"Alice";0;50000;"";"Marketing";"Assistant";"";"B";"";""
"Eve";30;70000;"";"Sales";"Manager";"";"F";"name@company.or";""
"Ivy";0;50000;"";"Finance";"Manager";"";"D";"user@domain.com";"555-555-5555"
"Alice";35;65000;"";"IT";"Assistant";"";"D";"name@company.or";"555-555-5555"
"Charlie";0;65000;"";"Sales";"Analyst";"";"F";"";"098-765-4321"
"David";50;0;"";"Finance";"Director";"";"B";"user@domain.com";""
"Alice";25;55000;"";"Finance";"Director";"";"F";"email@example.c";"098-765-4321"
"Alice";25;55000;"";"Finance";"Clerk";"";"A";"email@example.c";"555-555-5555"
"Hannah";40;55000;"";"Finance";"Assistant";"";"D";"";""
"Bob";40;0;"";"Marketing";"Clerk";"";"C";"";"123-456-7890"
"Hannah";35;65000;"";"Finance";"Clerk";"";"A";"";"555-555-5555"
"Grace";50;50000;"";"Marketing";"Manager";"";"A";"email@example.c";""
"Jack";30;0;"";"Marketing";"Director";"";"F";"email@example.c";"555-555-5555"
"Jack";0;0;"";"Finance";"Clerk";"";"B";"email@example.c";""
"Bob";35;50000;"";"IT";"Manager";"";"D";"email@example.c";""
"Frank";40;55000;"";"Finance";"Assistant";"";"C";"name@company.or";""
"Frank";0;70000;"";"Finance";"Clerk";"";"A";"user@domain.com";"098-765-4321"
"Charlie";40;50000;"";"Finance";"Director";"";"C";"user@domain.com";""
"Bob";0;65000;"";"IT";"Clerk";"";"B";"";"555-555-5555"
"Alice";30;600000;"";"HR";"Assistant";"";"B";"name@company.or";""
"Frank";35;600000;"";"HR";"Clerk";"";"C";"email@example.c";"123-456-7890"
"Eve";0;0;"";"Marketing";"Director";"";"D";"email@example.c";"555-555-5555"
"Ivy";50;600000;"";"Marketing";"Manager";"";"B";"";""
"Alice";25;70000;"";"IT";"Director";"";"C";"";""
"Grace";50;55000;"";"Sales";"Manager";"";"A";"";"123-456-7890"
"Eve";50;65000;"";"HR";"Analyst";"";"C";"email@example.c";""
"Eve";25;70000;"";"Marketing";"Director";"";"C";"";"555-555-5555"
"Bob";50;65000;"";"HR";"Director";"";"F";"name@company.or";"555-555-5555"
"Charlie";0;65000;"";"IT";"Assistant";"";"B";"user@domain.com";"123-456-7890"
"Grace";0;55000;"";"IT";"Clerk";"";"D";"email@example.c";""
"Frank";0;0;"";"Sales";"Manager";"";"D";"name@company.or";"555-555-5555"
"Bob";25;600000;"";"Sales";"Manager";"";"F";"email@example.c";"555-555-5555"
"Frank";50;55000;"";"IT";"Assistant";"";"D";"";"555-555-5555"
"Bob";25;70000;"";"Marketing";"Assistant";"";"C";"";""
"Bob";0;0;"";"HR";"Clerk";"";"F";"";"123-456-7890"
"Bob";50;70000;"";"Finance";"Clerk";"";"A";"user@domain.com";"555-555-5555"
"Charlie";50;0;"";"Sales";"Director";"";"B";"";""
"Bob";40;70000;"";"Finance";"Analyst";"";"B";"email@example.c";""
"David";40;55000;"";"Marketing";"Clerk";"";"B";"";"098-765-4321"
"Ivy";30;0;"";"Sales";"Assistant";"";"C";"email@example.c";"123-456-7890"
"Frank";35;0;"";"Finance";"Clerk";"";"A";"user@domain.com";""
"Alice";40;65000;"";"Marketing";"Manager";"";"F";"";"555-555-5555"
"Hannah";25;65000;"";"HR";"Analyst";"";"F";"";"098-765-4321"
"Grace";40;50000;"";"Marketing";"Director";"";"B";"";"123-456-7890"
"Jack";30;70000;"";"Sales";"Manager";"";"A";"";""
"Charlie";50;65000;"";"IT";"Manager";"";"A";"";"098-765-4321"
"Alice";30;50000;"";"HR";"Analyst";"";"A";"";"098-765-4321"
"Eve";50;65000;"";"Finance";"Director";"";"D";"";""
"David";50;70000;"";"Sales";"Assistant";"";"D";"email@example.c";"123-456-7890"
"Jack";35;0;"";"IT";"Director";"";"B";"user@domain.com";""
"Hannah";40;600000;"";"Marketing";"Clerk";"";"A";"";""
"Alice";25;70000;"";"IT";"Manager";"";"A";"email@example.c";"555-555-5555"
"Jack";25;55000;"";"Sales";"Clerk";"";"F";"";""
"Alice";0;65000;"";"Sales";"Assistant";"";"F";"email@example.c";"098-765-4321"
"David";50;65000;"";"IT";"Clerk";"";"B";"";"123-456-7890"
"Hannah";25;0;"";"Marketing";"Director";"";"A";"";""
"Eve";35;55000;"";"IT";"Clerk";"";"B";"";""
"Bob";50;0;"";"Sales";"Assistant";"";"F";"";"123-456-7890"
"Frank";35;55000;"";"Sales";"Assistant";"";"F";"name@company.or";""
"Eve";25;600000;"";"Finance";"Assistant";"";"D";"email@example.c";"555-555-5555"
"Bob";25;65000;"";"Finance";"Director";"";"B";"name@company.or";""
"Charlie";0;65000;"";"HR";"Assistant";"";"B";"email@example.c";"555-555-5555"
"Ivy";25;600000;"";"Sales";"Manager";"";"A";"user@domain.com";"098-765-4321"
"Grace";50;50000;"";"Finance";"Assistant";"";"A";"";"098-765-4321"
"Grace";50;0;"";"IT";"Clerk";"";"D";"user@domain.com";""
"Frank";50;600000;"";"Marketing";"Clerk";"";"C";"user@domain.com";"555-555-5555"
"Hannah";0;0;"";"IT";"Clerk";"";"C";"email@example.c";"098-765-4321"
"David";0;70000;"";"Marketing";"Director";"";"C";"name@company.or";""
"Hannah";25;65000;"";"Finance";"Clerk";"";"B";"";"123-456-7890"
"David";30;0;"";"HR";"Director";"";"B";"email@example.c";"123-456-7890"
"Hannah";30;55000;"";"IT";"Director";"";"F";"";"555-555-5555"
"Ivy";0;0;"";"IT";"Assistant";"";"B";"user@domain.com";""
"Charlie";25;70000;"";"IT";"Manager";"";"B";"";""
"Charlie";30;65000;"";"Marketing";"Assistant";"";"B";"name@company.or";"555-555-5555"
"Bob";25;600000;"";"Finance";"Assistant";"";"D";"email@example.c";"123-456-7890"
"Jack";25;70000;"";"IT";"Director";"";"B";"name@company.or";"555-555-5555"
"Charlie";25;65000;"";"IT";"Director";"";"A";"name@company.or";""
"Charlie";40;0;"";"HR";"Clerk";"";"A";"email@example.c";"098-765-4321"
"Eve";50;50000;"";"HR";"Clerk";"";"F";"name@company.or";""
"Eve";25;50000;"";"Finance";"Assistant";"";"D";"";"098-765-4321"
"Bob";40;55000;"";"Finance";"Analyst";"";"A";"";"098-765-4321"
"Jack";0;65000;"";"Sales";"Analyst";"";"D";"";"098-765-4321"
"Frank";30;50000;"";"HR";"Clerk";"";"D";"";"555-555-5555"
"Eve";50;600000;"";"Sales";"Analyst";"";"F";"name@company.or";"123-456-7890"
"Frank";30;65000;"";"Marketing";"Clerk";"";"D";"email@example.c";"555-555-5555"
"Alice";50;600000;"";"Sales";"Director";"";"B";"email@example.c";"123-456-7890"
"Eve";30;600000;"";"IT";"Assistant";"";"D";"";""
"Ivy";50;50000;"";"Sales";"Manager";"";"F";"email@example.c";""
"Jack";30;65000;"";"Finance";"Assistant";"";"F";"";""
"Bob";30;0;"";"Marketing";"Clerk";"";"F";"name@company.or";"555-555-5555"
"Alice";30;70000;"";"IT";"Clerk";"";"A";"email@example.c";"555-555-5555"
"Jack";30;50000;"";"Sales";"Assistant";"";"B";"email@example.c";"123-456-7890"
"Ivy";0;50000;"";"Marketing";"Clerk";"";"A";"user@domain.com";"555-555-5555"
"Jack";25;0;"";"Marketing";"Analyst";"";"C";"user@domain.com";"098-765-4321"
"Ivy";35;65000;"";"IT";"Analyst";"";"B";"user@domain.com";"555-555-5555"
"Ivy";40;65000;"";"Sales";"Clerk";"";"D";"name@company.or";"123-456-7890"
"Frank";35;600000;"";"Marketing";"Clerk";"";"F";"";"123-456-7890"
"Hannah";35;0;"";"Marketing";"Analyst";"";"C";"";"098-765-4321"
"Alice";50;0;"";"HR";"Clerk";"";"B";"";"123-456-7890"
"Jack";25;65000;"";"Marketing";"Clerk";"";"A";"name@company.or";""
"David";50;600000;"";"HR";"Assistant";"";"F";"name@company.or";""
"Alice";25;50000;"";"Sales";"Manager";"";"A";"user@domain.com";"555-555-5555"
"Hannah";25;55000;"";"Sales";"Analyst";"";"B";"email@example.c";""
"Alice";30;70000;"";"Sales";"Assistant";"";"B";"";"555-555-5555"
"Charlie";0;50000;"";"Finance";"Manager";"";"C";"";""
"David";30;65000;"";"Sales";"Clerk";"";"D";"email@example.c";"555-555-5555"
"Hannah";0;70000;"";"Marketing";"Clerk";"";"A";"user@domain.com";"098-765-4321"
"Frank";50;55000;"";"IT";"Assistant";"";"C";"email@example.c";"123-456-7890"
"Jack";0;55000;"";"HR";"Clerk";"";"F";"email@example.c";"123-456-7890"
"Grace";50;600000;"";"Finance";"Director";"";"D";"";"098-765-4321"
"Hannah";35;70000;"";"Sales";"Assistant";"";"C";"user@domain.com";""
"Bob";35;600000;"";"Sales";"Manager";"";"A";"name@company.or";""
"Jack";0;50000;"";"IT";"Assistant";"";"B";"";""
"Hannah";0;0;"";"IT";"Analyst";"";"F";"name@company.or";"123-456-7890"
"Charlie";50;0;"";"Finance";"Assistant";"";"A";"user@domain.com";""
"Grace";30;0;"";"HR";"Clerk";"";"D";"email@example.c";"555-555-5555"
"Charlie";50;70000;"";"Sales";"Clerk";"";"D";"";""
"Grace";30;0;"";"Finance";"Director";"";"B";"";""
"Bob";35;50000;"";"Marketing";"Director";"";"B";"user@domain.com";"098-765-4321"
"Jack";25;600000;"";"Marketing";"Director";"";"F";"";"555-555-5555"
"Frank";0;70000;"";"Finance";"Manager";"";"F";"name@company.or";""
"Charlie";30;600000;"";"Sales";"Director";"";"B";"";"555-555-5555"
"Charlie";50;70000;"";"Finance";"Manager";"";"B";"user@domain.com";""
"Ivy";35;600000;"";"Sales";"Director";"";"D";"user@domain.com";"123-456-7890"
"Grace";30;55000;"";"IT";"Manager";"";"B";"name@company.or";""
"Eve";50;600000;"";"Finance";"Assistant";"";"C";"";"098-765-4321"
"Jack";0;0;"";"Sales";"Assistant";"";"A";"";""
"Grace";0;55000;"";"Finance";"Clerk";"";"B";"email@example.c";""
"Ivy";40;600000;"";"Finance";"Manager";"";"F";"";"098-765-4321"
"Alice";25;70000;"";"Sales";"Analyst";"";"C";"user@domain.com";""
"Grace";40;70000;"";"Sales";"Clerk";"";"F";"email@example.c";""
"Frank";35;70000;"";"HR";"Assistant";"";"C";"user@domain.com";""
"Jack";30;65000;"";"Finance";"Manager";"";"B";"email@example.c";"555-555-5555"
"Ivy";35;50000;"";"Marketing";"Director";"";"A";"";""
"Alice";50;70000;"";"Finance";"Analyst";"";"F";"email@example.c";""
"David";0;55000;"";"Finance";"Assistant";"";"C";"user@domain.com";"123-456-7890"
"Ivy";40;70000;"";"Sales";"Clerk";"";"D";"";""
"David";40;65000;"";"Finance";"Manager";"";"B";"user@domain.com";"555-555-5555"
"Jack";40;0;"";"Finance";"Analyst";"";"A";"name@company.or";"098-765-4321"
"Charlie";35;55000;"";"Marketing";"Manager";"";"B";"name@company.or";"098-765-4321"
"Ivy";0;65000;"";"Sales";"Director";"";"D";"name@company.or";"098-765-4321"
"Bob";30;0;"";"Finance";"Clerk";"";"A";"name@company.or";"123-456-7890"
"David";50;55000;"";"IT";"Manager";"";"D";"";"555-555-5555"
"Frank";30;600000;"";"HR";"Assistant";"";"B";"";""
"Bob";35;50000;"";"Marketing";"Clerk";"";"C";"";"098-765-4321"
"Hannah";50;50000;"";"Finance";"Assistant";"";"B";"user@domain.com";"555-555-5555"
"Hannah";40;65000;"";"IT";"Manager";"";"B";"email@example.c";""
"Alice";25;0;"";"Finance";"Clerk";"";"B";"user@domain.com";"123-456-7890"
"Charlie";35;50000;"";"Finance";"Assistant";"";"F";"user@domain.com";"555-555-5555"
"Jack";35;0;"";"Sales";"Director";"";"D";"user@domain.com";"555-555-5555"
"Ivy";0;0;"";"Sales";"Director";"";"D";"user@domain.com";""
"Eve";30;65000;"";"Sales";"Manager";"";"D";"";"555-555-5555"
"Frank";35;65000;"";"IT";"Clerk";"";"F";"email@example.c";""
"David";35;65000;"";"Finance";"Analyst";"";"C";"user@domain.com";"123-456-7890"
"Jack";40;50000;"";"HR";"Clerk";"";"B";"";"123-456-7890"
"Bob";40;65000;"";"Marketing";"Director";"";"C";"user@domain.com";""
"Hannah";50;50000;"";"Sales";"Assistant";"";"F";"name@company.or";""
"Frank";25;65000;"";"Sales";"Analyst";"";"D";"user@domain.com";""
"Eve";0;70000;"";"Finance";"Manager";"";"B";"user@domain.com";"098-765-4321"
"Ivy";25;0;"";"Finance";"Analyst";"";"A";"";"098-765-4321"
"Alice";50;65000;"";"IT";"Manager";"";"A";"name@company.or";""
"Eve";40;55000;"";"IT";"Analyst";"";"C";"email@example.c";"123-456-7890"
"Frank";30;0;"";"Sales";"Manager";"";"D";"user@domain.com";"098-765-4321"
"Eve";40;0;"";"Finance";"Manager";"";"A";"email@example.c";"555-555-5555"
"Frank";0;65000;"";"HR";"Analyst";"";"C";"name@company.or";"123-456-7890"
"Frank";40;600000;"";"Marketing";"Analyst";"";"F";"user@domain.com";"555-555-5555"
"Grace";0;65000;"";"Finance";"Manager";"";"C";"";""
"David";0;0;"";"Finance";"Director";"";"C";"";"123-456-7890"
"Hannah";0;55000;"";"IT";"Analyst";"";"C";"";""
"Grace";50;0;"";"Marketing";"Clerk";"";"B";"";""
"Ivy";0;55000;"";"Sales";"Assistant";"";"C";"";""
"Grace";0;50000;"";"Finance";"Manager";"";"C";"";"555-555-5555"
"Charlie";30;70000;"";"Sales";"Manager";"";"B";"";""
"Charlie";25;0;"";"Finance";"Assistant";"";"B";"user@domain.com";"098-765-4321"
"Hannah";35;65000;"";"Sales";"Director";"";"F";"email@example.c";"123-456-7890"
"Eve";25;50000;"";"Marketing";"Assistant";"";"D";"email@example.c";"098-765-4321"
"David";0;70000;"";"IT";"Analyst";"";"A";"";"555-555-5555"
"Hannah";30;65000;"";"Marketing";"Assistant";"";"A";"";"555-555-5555"
"Frank";40;600000;"";"HR";"Manager";"";"C";"name@company.or";"123-456-7890"
"Bob";30;65000;"";"IT";"Assistant";"";"F";"";""
"David";0;55000;"";"Marketing";"Clerk";"";"C";"";""
"David";30;55000;"";"HR";"Analyst";"";"A";"";"555-555-5555"
"Frank";30;600000;"";"Finance";"Assistant";"";"B";"user@domain.com";"123-456-7890"
"Frank";0;50000;"";"Finance";"Manager";"";"D";"user@domain.com";""
"Alice";50;70000;"";"Sales";"Analyst";"";"F";"email@example.c";""
"Hannah";30;65000;"";"IT";"Manager";"";"B";"email@example.c";"555-555-5555"
"Frank";35;55000;"";"Finance";"Director";"";"D";"name@company.or";"123-456-7890"
"Charlie";35;50000;"";"IT";"Clerk";"";"F";"name@company.or";"123-456-7890"
"Ivy";30;600000;"";"Finance";"Director";"";"F";"name@company.or";"123-456-7890"
"Bob";50;0;"";"Sales";"Clerk";"";"A";"name@company.or";"555-555-5555"
"Hannah";40;55000;"";"Marketing";"Assistant";"";"B";"";""
"Jack";0;600000;"";"Sales";"Analyst";"";"F";"";"123-456-7890"
"Charlie";35;65000;"";"HR";"Assistant";"";"F";"email@example.c";""
"Eve";40;70000;"";"Finance";"Clerk";"";"D";"user@domain.com";"123-456-7890"
"Frank";30;55000;"";"HR";"Clerk";"";"A";"user@domain.com";""
"Jack";40;55000;"";"HR";"Clerk";"";"C";"";"555-555-5555"
"Frank";25;65000;"";"IT";"Manager";"";"A";"";"123-456-7890"
"David";35;0;"";"Finance";"Analyst";"";"C";"name@company.or";"123-456-7890"
"Charlie";30;50000;"";"HR";"Assistant";"";"B";"name@company.or";""
"David";0;70000;"";"Marketing";"Assistant";"";"B";"";""
"Alice";50;55000;"";"HR";"Director";"";"F";"user@domain.com";"123-456-7890"
"David";30;70000;"";"Marketing";"Clerk";"";"B";"name@company.or";"123-456-7890"
"Alice";0;55000;"";"IT";"Clerk";"";"F";"user@domain.com";""
"Alice";50;70000;"";"HR";"Clerk";"";"A";"";""
"Jack";50;600000;"";"Sales";"Assistant";"";"B";"user@domain.com";"098-765-4321"
"Frank";30;55000;"";"IT";"Director";"";"A";"user@domain.com";"098-765-4321"
"Eve";40;70000;"";"Marketing";"Manager";"";"A";"user@domain.com";"123-456-7890"
"David";40;50000;"";"IT";"Analyst";"";"B";"name@company.or";""
"Charlie";50;600000;"";"HR";"Manager";"";"A";"email@example.c";"555-555-5555"
"Alice";40;600000;"";"Finance";"Assistant";"";"B";"";"555-555-5555"
"Frank";25;50000;"";"Finance";"Clerk";"";"B";"user@domain.com";"098-765-4321"
"Bob";50;70000;"";"Marketing";"Analyst";"";"B";"user@domain.com";""
"Hannah";50;65000;"";"Marketing";"Assistant";"";"C";"user@domain.com";"098-765-4321"
"Jack";0;50000;"";"Finance";"Assistant";"";"A";"email@example.c";"123-456-7890"
"Eve";40;70000;"";"Marketing";"Assistant";"";"D";"";""
"Grace";50;50000;"";"IT";"Analyst";"";"B";"name@company.or";"555-555-5555"
"Jack";25;50000;"";"Sales";"Analyst";"";"A";"email@example.c";""
"Bob";0;55000;"";"Sales";"Director";"";"F";"user@domain.com";""
"Hannah";30;70000;"";"IT";"Director";"";"B";"email@example.c";"123-456-7890"
"Bob";50;65000;"";"Sales";"Manager";"";"B";"email@example.c";"098-765-4321"
"David";25;55000;"";"HR";"Analyst";"";"D";"email@example.c";"123-456-7890"
"Alice";35;50000;"";"IT";"Analyst";"";"C";"";""
"Eve";25;0;"";"Marketing";"Analyst";"";"C";"";"555-555-5555"
"Ivy";25;50000;"";"IT";"Director";"";"B";"name@company.or";""
"Alice";0;50000;"";"Finance";"Assistant";"";"A";"";""
"Ivy";30;70000;"";"Marketing";"Clerk";"";"F";"";""
"Hannah";35;70000;"";"Finance";"Director";"";"F";"";""
"Frank";40;55000;"";"Marketing";"Analyst";"";"A";"";""
"Grace";40;65000;"";"Sales";"Director";"";"B";"email@example.c";"098-765-4321"
"Charlie";25;55000;"";"IT";"Manager";"";"F";"email@example.c";""
"Alice";0;600000;"";"HR";"Analyst";"";"C";"user@domain.com";"123-456-7890"
"Eve";0;50000;"";"Marketing";"Manager";"";"A";"";""
"Bob";40;0;"";"Marketing";"Analyst";"";"D";"user@domain.com";"123-456-7890"
"Eve";35;50000;"";"Finance";"Director";"";"B";"name@company.or";""
"Hannah";30;50000;"";"Sales";"Assistant";"";"A";"email@example.c";""
"Ivy";35;55000;"";"Finance";"Clerk";"";"F";"name@company.or";""
"Bob";50;0;"";"Finance";"Manager";"";"B";"";""
"Charlie";50;0;"";"Sales";"Director";"";"C";"email@example.c";"098-765-4321"
"Charlie";30;0;"";"HR";"Assistant";"";"B";"name@company.or";""
"Alice";40;55000;"";"Finance";"Director";"";"B";"";"123-456-7890"
"Hannah";30;50000;"";"Finance";"Manager";"";"C";"name@company.or";"123-456-7890"
"Frank";0;55000;"";"Marketing";"Clerk";"";"C";"";""
"Hannah";50;70000;"";"Sales";"Director";"";"B";"";"098-765-4321"
"Ivy";25;70000;"";"IT";"Analyst";"";"C";"email@example.c";"098-765-4321"
"Eve";25;55000;"";"HR";"Assistant";"";"A";"user@domain.com";"098-765-4321"
"Charlie";40;0;"";"HR";"Director";"";"C";"";"123-456-7890"
"Eve";0;50000;"";"Sales";"Assistant";"";"C";"";""
"Eve";35;55000;"";"Marketing";"Analyst";"";"B";"email@example.c";"098-765-4321"
"Eve";0;55000;"";"Marketing";"Clerk";"";"A";"user@domain.com";"123-456-7890"
"Charlie";25;55000;"";"Sales";"Clerk";"";"D";"";"123-456-7890"
"Jack";25;600000;"";"Marketing";"Analyst";"";"D";"";""
"David";50;70000;"";"HR";"Assistant";"";"F";"user@domain.com";""
"Ivy";0;0;"";"HR";"Director";"";"C";"name@company.or";""
"Jack";0;65000;"";"IT";"Analyst";"";"C";"email@example.c";"098-765-4321"
"Ivy";25;0;"";"Sales";"Manager";"";"A";"user@domain.com";"098-765-4321"
"Bob";35;65000;"";"Finance";"Assistant";"";"D";"";""
"Hannah";40;600000;"";"Finance";"Clerk";"";"F";"";"098-765-4321"
"Hannah";40;55000;"";"IT";"Analyst";"";"A";"";""
"Grace";0;600000;"";"IT";"Clerk";"";"C";"";"123-456-7890"
"Hannah";40;600000;"";"Marketing";"Assistant";"";"D";"email@example.c";"098-765-4321"
"Charlie";25;50000;"";"IT";"Clerk";"";"F";"";"123-456-7890"
"Frank";25;70000;"";"IT";"Analyst";"";"B";"user@domain.com";"555-555-5555"
"Alice";0;65000;"";"Finance";"Assistant";"";"D";"";""
"Grace";0;55000;"";"Marketing";"Manager";"";"F";"name@company.or";"555-555-5555"
"Alice";50;65000;"";"IT";"Analyst";"";"A";"user@domain.com";"098-765-4321"
"Ivy";0;0;"";"IT";"Director";"";"B";"email@example.c";"123-456-7890"
"Alice";35;65000;"";"Marketing";"Analyst";"";"F";"user@domain.com";"098-765-4321"
"Alice";40;0;"";"Sales";"Assistant";"";"F";"name@company.or";"555-555-5555"
"Grace";0;70000;"";"Marketing";"Analyst";"";"C";"email@example.c";"098-765-4321"
"Bob";30;0;"";"Finance";"Manager";"";"D";"";""
"Eve";50;65000;"";"Sales";"Manager";"";"C";"name@company.or";"555-555-5555"
"Hannah";30;65000;"";"HR";"Director";"";"B";"email@example.c";"098-765-4321"
"Hannah";25;0;"";"Marketing";"Clerk";"";"F";"";"123-456-7890"
"Charlie";40;600000;"";"Finance";"Assistant";"";"C";"user@domain.com";"098-765-4321"
"Grace";0;70000;"";"Sales";"Assistant";"";"D";"email@example.c";"123-456-7890"
"Charlie";30;50000;"";"Marketing";"Clerk";"";"B";"user@domain.com";""
"Frank";40;55000;"";"IT";"Manager";"";"A";"";"098-765-4321"
"Frank";25;65000;"";"Marketing";"Manager";"";"C";"email@example.c";""
"Charlie";35;55000;"";"HR";"Analyst";"";"B";"";"555-555-5555"
"Grace";50;50000;"";"Marketing";"Director";"";"A";"name@company.or";"123-456-7890"
"Charlie";40;55000;"";"Sales";"Director";"";"C";"email@example.c";"555-555-5555"
"Hannah";40;50000;"";"Sales";"Director";"";"B";"";"123-456-7890"
"Jack";35;0;"";"Marketing";"Analyst";"";"B";"email@example.c";""
"David";40;600000;"";"Sales";"Director";"";"C";"user@domain.com";""
"Alice";25;65000;"";"IT";"Clerk";"";"B";"email@example.c";"098-765-4321"
"David";25;50000;"";"Marketing";"Analyst";"";"F";"";""
"Grace";35;55000;"";"IT";"Clerk";"";"C";"email@example.c";"123-456-7890"
"David";50;65000;"";"IT";"Analyst";"";"B";"name@company.or";"123-456-7890"
"Frank";0;600000;"";"Finance";"Director";"";"A";"email@example.c";"123-456-7890"
"Ivy";30;0;"";"Marketing";"Clerk";"";"A";"user@domain.com";"123-456-7890"
"Alice";0;65000;"";"Sales";"Clerk";"";"F";"email@example.c";"098-765-4321"
"Eve";40;50000;"";"IT";"Clerk";"";"C";"";"555-555-5555"
"Grace";30;600000;"";"Finance";"Analyst";"";"B";"";""
"Alice";35;55000;"";"Marketing";"Assistant";"";"B";"email@example.c";"098-765-4321"
"David";35;600000;"";"Marketing";"Director";"";"A";"email@example.c";"123-456-7890"
"Frank";50;600000;"";"HR";"Clerk";"";"F";"name@company.or";"098-765-4321"
"Bob";30;70000;"";"HR";"Assistant";"";"A";"";""
"Jack";25;600000;"";"IT";"Director";"";"A";"";"123-456-7890"
"Eve";30;600000;"";"HR";"Director";"";"F";"user@domain.com";""
"Jack";40;65000;"";"IT";"Clerk";"";"C";"email@example.c";"123-456-7890"
"Alice";25;55000;"";"Sales";"Clerk";"";"B";"";""
"Frank";35;65000;"";"IT";"Analyst";"";"C";"user@domain.com";""
"Frank";30;65000;"";"HR";"Assistant";"";"D";"";"555-555-5555"
"David";0;50000;"";"Sales";"Assistant";"";"D";"";"555-555-5555"
"Hannah";50;65000;"";"HR";"Clerk";"";"D";"";"098-765-4321"
"David";0;70000;"";"IT";"Director";"";"F";"user@domain.com";"098-765-4321"
"Hannah";50;70000;"";"Finance";"Clerk";"";"A";"";""
"Hannah";40;50000;"";"Marketing";"Director";"";"C";"";"123-456-7890"
"Eve";0;0;"";"HR";"Director";"";"B";"";""
"David";30;55000;"";"IT";"Clerk";"";"D";"";""
"Bob";30;55000;"";"Sales";"Manager";"";"C";"";"123-456-7890"
"Charlie";0;65000;"";"HR";"Assistant";"";"D";"name@company.or";"123-456-7890"
"Charlie";30;65000;"";"HR";"Director";"";"D";"user@domain.com";"555-555-5555"
"David";40;0;"";"Marketing";"Director";"";"B";"";""
"David";25;65000;"";"IT";"Manager";"";"F";"";""
"Jack";40;55000;"";"Finance";"Analyst";"";"A";"user@domain.com";"098-765-4321"
"Eve";50;600000;"";"Sales";"Manager";"";"F";"user@domain.com";"555-555-5555"
"David";40;70000;"";"IT";"Manager";"";"C";"user@domain.com";""
"Jack";50;600000;"";"Sales";"Director";"";"F";"user@domain.com";"123-456-7890"
"Hannah";30;600000;"";"HR";"Assistant";"";"C";"email@example.c";""
"Frank";25;55000;"";"Marketing";"Manager";"";"C";"";""
"Frank";30;600000;"";"Marketing";"Analyst";"";"A";"email@example.c";"555-555-5555"
"Hannah";35;0;"";"Finance";"Clerk";"";"B";"";"123-456-7890"
"Grace";30;50000;"";"Marketing";"Manager";"";"A";"";""
"Jack";50;65000;"";"HR";"Manager";"";"F";"";"098-765-4321"
"Jack";30;50000;"";"Finance";"Analyst";"";"C";"";"555-555-5555"
"Hannah";30;70000;"";"IT";"Assistant";"";"D";"user@domain.com";""
"Bob";25;65000;"";"Marketing";"Manager";"";"D";"email@example.c";""
"Ivy";30;600000;"";"Finance";"Manager";"";"C";"user@domain.com";"123-456-7890"
